Resumen,Clave de incidencia,ID de la incidencia,Tipo de Incidencia,Estado,Clave del proyecto,Nombre del proyecto,Tipo de proyecto,Responsable del proyecto,ID del responsable del proyecto,Descripción del proyecto,Prioridad,Resolución,Persona asignada,ID de la persona asignada,Informador,ID del informador,Creador,ID del creador,Creada,Actualizada,Vista por Última Vez,Resuelta,Fecha de vencimiento,Votos,Descripción,Entorno,Interesados,Interesados,ID de los interesados,ID de los interesados,Estimación original,Trabajo restante estimado,Tiempo Trabajado,Relación de trabajo,Σ Estimación original,Σ Trabajo restante estimado,Σ Tiempo empleado,Nivel de Seguridad,Enlace a la incidencia interna (Blocks),Enlace a la incidencia interna (Blocks),Enlace a la incidencia interna (Blocks),Enlace a la incidencia interna (Blocks),Enlace a la incidencia interna (Blocks),Enlace a la incidencia interna (Blocks),Enlace a la incidencia interna (Blocks),Enlace a la incidencia interna (Blocks),Enlace a la incidencia interna (Blocks),Enlace de incidencia saliente (Blocks),Enlace de incidencia saliente (Blocks),Enlace de incidencia saliente (Blocks),Enlace a la incidencia interna (Relates),Enlace a la incidencia interna (Relates),Enlace a la incidencia interna (Relates),Enlace a la incidencia interna (Relates),Enlace a la incidencia interna (Relates),Enlace a la incidencia interna (Relates),Enlace de incidencia saliente (Relates),Enlace de incidencia saliente (Relates),Enlace de incidencia saliente (Relates),Enlace de incidencia saliente (Relates),Enlace de incidencia saliente (Relates),Enlace de incidencia saliente (Relates),Adjunto,Adjunto,Adjunto,Campo personalizado (Clasificación),Campo personalizado (Color de la incidencia),Campo personalizado (Fecha de inicio),Sprint,Campo personalizado (Story point estimate),Campo personalizado (Team),Campo personalizado (Vulnerabilidad),Campo personalizado (development),Comentario,Categoría de estado,Categoría de estado cambiada,Principal,Clave principal,Parent summary
EPIC-01: OllaCercana,OC-1,10031,Epic,Por hacer,OC,OllaCercana,software,DANIEL CAMILO MOSQUERA MARTINEZ,712020:e4492493-613d-4cf0-aa7f-038185bba789,,Medium,,DANIEL CAMILO MOSQUERA MARTINEZ,712020:e4492493-613d-4cf0-aa7f-038185bba789,DANIEL CAMILO MOSQUERA MARTINEZ,712020:e4492493-613d-4cf0-aa7f-038185bba789,DANIEL CAMILO MOSQUERA MARTINEZ,712020:e4492493-613d-4cf0-aa7f-038185bba789,18/sep/26 8:09 PM,19/sep/26 10:19 PM,25/sep/26 5:44 PM,,,0,"En los conjuntos residenciales se desperdicia comida diariamente por la falta de un canal directo para vender porciones sobrantes. Al mismo tiempo, los vecinos cercanos terminan pagando domicilios costosos ($25.000–$35.000 COP) al no contar con opciones de comida casera económicas y accesibles ($8.000–$12.000 COP) a pocos metros de su casa.",,DANIEL CAMILO MOSQUERA MARTINEZ,,712020:e4492493-613d-4cf0-aa7f-038185bba789,,,,,,,,,,,,,,,,,,,,,,,,,,,,,,,,,,,,,0|i0001w:,purple,,,,,,{},,Por hacer,18/sep/26 8:09 PM,,,
HU-23: Confirmar Entrega y Cerrar Transaccion,OC-47,10077,Historia,Por hacer,OC,OllaCercana,software,DANIEL CAMILO MOSQUERA MARTINEZ,712020:e4492493-613d-4cf0-aa7f-038185bba789,,Medium,,SANTIAGO ANDRES GARCIA ALMARIO,712020:f9bcdea1-27db-40ca-b0a1-390105e50fcf,JUAN MANUEL GARZON VIRACACHA,712020:84c2381e-0735-4ef1-8142-125bf6cf90b5,JUAN MANUEL GARZON VIRACACHA,712020:84c2381e-0735-4ef1-8142-125bf6cf90b5,24/sep/26 4:19 PM,25/sep/26 8:19 PM,,,,0,"Formato:
Como Comprador y Cocinera con reserva Confirmada, queremos confirmar la entrega y el pago contra entrega para cerrar la transacción, habilitar la calificación mutua y actualizar las métricas de la cocinera.

Criterios de aceptación:

* *Escenario 1 (Camino feliz):* DADO que la reserva está Confirmada y ambas partes están presentes, CUANDO comprador y cocinera confirman entrega y pago, ENTONCES la reserva pasa a COMPLETADA, el chat pasa a solo lectura y se habilitan las calificaciones.
* *Escenario 2 (Error — una parte no confirma):* DADO que una parte confirma y la otra no responde, CUANDO pasan 24 horas, ENTONCES la reserva se completa automáticamente y se notifica a ambas partes.
* *Escenario 3 (Condicional — reporte abierto):* DADO que existe un reporte Abierto sobre la reserva, CUANDO se intenta cerrar, ENTONCES el sistema bloquea el cierre hasta que moderación resuelva.
* *Escenario 4 (Error — reserva no confirmada):* DADO que la reserva está Pendiente, Rechazada o Expirada, CUANDO se intenta marcar entrega, ENTONCES el sistema rechaza la acción.",,JUAN MANUEL GARZON VIRACACHA,,712020:84c2381e-0735-4ef1-8142-125bf6cf90b5,,,,,,,,,,,,,,,,,,,,,,OC-29,OC-30,OC-31,OC-36,OC-49,,,,,,,,,,,0|i0001w:00002,,,Sprint 2 - OllaCercana,3.0,,,{},,Por hacer,24/sep/26 4:19 PM,10031,OC-1,EPIC-01: OllaCercana
FEAT-07: Reservas,OC-41,10071,Feature,Por hacer,OC,OllaCercana,software,DANIEL CAMILO MOSQUERA MARTINEZ,712020:e4492493-613d-4cf0-aa7f-038185bba789,,Medium,,,,DANIEL CAMILO MOSQUERA MARTINEZ,712020:e4492493-613d-4cf0-aa7f-038185bba789,DANIEL CAMILO MOSQUERA MARTINEZ,712020:e4492493-613d-4cf0-aa7f-038185bba789,19/sep/26 12:59 PM,25/sep/26 12:18 AM,22/sep/26 10:41 PM,,,0,"Ciclo de vida completo de una reserva. El comprador aparta porciones de un plato activo y se descuentan del inventario inmediatamente (RN-03). La cocinera tiene 10 minutos para confirmar o rechazar (RN-04); si no responde, la reserva expira automáticamente y las porciones se liberan. Una vez confirmada, se habilita el chat y los datos de pago. Al recibir el plato, comprador y cocinera confirman la entrega y la reserva pasa a Completada, cerrando la transacción.

*HUs asociadas:* HU-11 (Apartar Porciones), HU-12 (Aceptar/Rechazar Reservas), HU-14 (Métodos de Pago), HU-23 (Confirmar Entrega y Cerrar Transacción).

*Reglas de negocio aplicables:* RN-03, RN-04, RN-07, RN-14, RN-15, RN-16, RN-17, RN-25, RN-32, RN-33.",,DANIEL CAMILO MOSQUERA MARTINEZ,,712020:e4492493-613d-4cf0-aa7f-038185bba789,,,,,,,,,,,,,,,,,,,,,,OC-27,OC-28,OC-29,OC-30,,,,,,,,,,,,0|i0001w:00004,,,,0.0,,,{},,Por hacer,19/sep/26 12:59 PM,10031,OC-1,EPIC-01: OllaCercana
FEAT-06: Catálogo,OC-40,10070,Feature,Por hacer,OC,OllaCercana,software,DANIEL CAMILO MOSQUERA MARTINEZ,712020:e4492493-613d-4cf0-aa7f-038185bba789,,Medium,,,,DANIEL CAMILO MOSQUERA MARTINEZ,712020:e4492493-613d-4cf0-aa7f-038185bba789,DANIEL CAMILO MOSQUERA MARTINEZ,712020:e4492493-613d-4cf0-aa7f-038185bba789,19/sep/26 12:59 PM,25/sep/26 12:17 AM,,,,0,"Búsqueda, filtrado y visualización de platos disponibles. Permite al comprador consultar los platos activos dentro de su radio hiperlocal (500 m a 2 km), filtrar por tipo de comida y restricciones alimentarias, ver las cocineras activas sobre un mapa interactivo y consultar el detalle de cada plato. Solo se muestran platos Activos dentro de su vigencia de 4 horas, con porciones disponibles, y nunca se expone la dirección exacta de la cocinera (RN-05).

*HUs asociadas:* HU-06 (Consultar por Radio), HU-07 (Filtrar por Tipo), HU-08 (Filtrar por Etiquetas Dietéticas), HU-09 (Mapa Interactivo), HU-10 (Ocultamiento de Dirección).

*Nota:* HU-08 queda fusionada funcionalmente con HU-07 en el Sprint 2 — el filtro por restricción alimentaria se implementa como parámetro adicional del mismo endpoint de consulta (OC-128 backend y OC-130 frontend). En Sprint 3 se separa como HU independiente con criterios de accesibilidad dietética más específicos.

*Reglas de negocio aplicables:* RN-02, RN-03, RN-05, RN-06, RN-09, RN-10.",,DANIEL CAMILO MOSQUERA MARTINEZ,,712020:e4492493-613d-4cf0-aa7f-038185bba789,,,,,,,,,,,,,,,,,,,,,,OC-22,OC-23,OC-24,OC-25,OC-26,OC-32,,,,,,,,,,0|i0001w:00009,,,,0.0,,,{},,Por hacer,19/sep/26 12:59 PM,10031,OC-1,EPIC-01: OllaCercana
FEAT-05: Oferta,OC-39,10069,Feature,Por hacer,OC,OllaCercana,software,DANIEL CAMILO MOSQUERA MARTINEZ,712020:e4492493-613d-4cf0-aa7f-038185bba789,,Medium,,,,DANIEL CAMILO MOSQUERA MARTINEZ,712020:e4492493-613d-4cf0-aa7f-038185bba789,DANIEL CAMILO MOSQUERA MARTINEZ,712020:e4492493-613d-4cf0-aa7f-038185bba789,19/sep/26 12:59 PM,25/sep/26 12:17 AM,23/sep/26 9:05 AM,,,0,"Publicación y gestión de platos caseros. Permite a la cocinera crear una oferta con nombre, descripción, foto, tipo de comida, restricciones alimentarias, porciones disponibles, precio por porción, hora de disponibilidad y punto general de entrega. Cada publicación tiene una vigencia de 4 horas y pasa automáticamente a estado Expirado al cumplirse ese plazo (RN-02). La cocinera puede ajustar manualmente sus porciones, aumentar, disminuir o marcar como agotado.

*HUs asociadas:* HU-04 (Publicar Oferta), HU-05 (Porciones y Precio), HU-24 (Actualizar Disponibilidad).

*Reglas de negocio aplicables:* RN-02, RN-03, RN-05, RN-27, RN-28, RN-29, RN-30.",,DANIEL CAMILO MOSQUERA MARTINEZ,,712020:e4492493-613d-4cf0-aa7f-038185bba789,,,,,,,,,,,,,,,,,,,,,,OC-20,OC-21,OC-36,,,,,,,,,,,,,0|i0001w:0000i,,,,0.0,,,{},,Por hacer,19/sep/26 12:59 PM,10031,OC-1,EPIC-01: OllaCercana
HU-22: Consulta de Reputación e Historial de Reseñas de Cocinera,OC-38,10068,Historia,Por hacer,OC,OllaCercana,software,DANIEL CAMILO MOSQUERA MARTINEZ,712020:e4492493-613d-4cf0-aa7f-038185bba789,,Medium,,,,DANIEL CAMILO MOSQUERA MARTINEZ,712020:e4492493-613d-4cf0-aa7f-038185bba789,DANIEL CAMILO MOSQUERA MARTINEZ,712020:e4492493-613d-4cf0-aa7f-038185bba789,19/sep/26 12:59 PM,23/sep/26 11:07 PM,23/sep/26 9:13 AM,,,0,"* *Título:* Como Comprador, quiero consultar la calificación promedio y las opiniones de otros vecinos sobre una cocinera, para tomar una decisión informada y comprar con confianza.
* *Descripción:* Visualización pública del historial de valoraciones en estrellas (1 a 5), recuento total de reseñas y comentarios recibidos por la cocinera tras sus intercambios completados.
* *Criterios de Aceptación:*
** *Escenario 1 (Camino feliz):* _DADO_ que un comprador explora la tarjeta de un plato o el perfil de una cocinera, _CUANDO_ selecciona el indicador de estrellas o el enlace de opiniones, _ENTONCES_ el sistema despliega el modal con la calificación promedio, el total de reseñas registradas y la lista con los comentarios más recientes dejados por los vecinos.
** *Escenario 2 (Camino de error - Cocinera sin valoraciones):* _DADO_ que un comprador ingresa al perfil de una cocinera nueva que aún no ha completado intercambios, _CUANDO_ consulta la sección de reputación, _ENTONCES_ el sistema muestra la insignia _""Sin calificaciones aún""_ junto con el texto informativo _""Esta cocinera aún no registra opiniones de vecinos""_.
** *Escenario 3 (Camino condicional - Distintivo de Cocinera Destacada):* _DADO_ que una cocinera acumula 50 o más reseñas positivas, _CUANDO_ el comprador consulta su reputación, _ENTONCES_ el sistema destaca visiblemente la insignia de _""Cocinera Destacada""_ y habilita filtros para organizar las opiniones por puntuación de estrellas.",,DANIEL CAMILO MOSQUERA MARTINEZ,,712020:e4492493-613d-4cf0-aa7f-038185bba789,,,,,,,,,,,,,,,,,,,,,,,,,,,,OC-44,,,,,,,,,0|i0001w:0001,,,,2.0,,,{},,Por hacer,19/sep/26 12:59 PM,10031,OC-1,EPIC-01: OllaCercana
HU-21: Participación en Retos Comunitarios e Insignias de Fidelidad,OC-37,10067,Historia,Por hacer,OC,OllaCercana,software,DANIEL CAMILO MOSQUERA MARTINEZ,712020:e4492493-613d-4cf0-aa7f-038185bba789,,Medium,,,,DANIEL CAMILO MOSQUERA MARTINEZ,712020:e4492493-613d-4cf0-aa7f-038185bba789,DANIEL CAMILO MOSQUERA MARTINEZ,712020:e4492493-613d-4cf0-aa7f-038185bba789,19/sep/26 12:58 PM,23/sep/26 11:07 PM,23/sep/26 9:05 AM,,,0,"* *Título:* Como Comprador o Cocinera, quiero acumular rachas de interacción y ver si mi conjunto residencial obtuvo el sello ""Olla Verde"", para fomentar el consumo local sin desperdicios.
* *Descripción:* Funcionalidades comunitarias para premiar a los conjuntos con cero desperdicios y a los compradores recurrentes.
* *Criterios de Aceptación:*
** *Escenario 1 (Camino feliz - Vecino Fiel):* _DADO_ que un comprador completa 3 reservas en un mismo mes con la misma cocinera, _CUANDO_ se efectúa la tercera entrega, _ENTONCES_ el sistema otorga automáticamente la insignia ""Vecino Fiel"" en su perfil.
** *Escenario 2 (Camino feliz - Conjunto Olla Verde):* _DADO_ que un conjunto residencial logra comercializar el 100% de las porciones publicadas durante la semana, _CUANDO_ se realiza el balance semanal, _ENTONCES_ la app asigna la insignia ""Conjunto Olla Verde"" a las cocineras de ese sector durante los siguientes 7 días.
** *Escenario 3 (Camino condicional - Reinicio de racha):* _DADO_ que pasa un mes sin que el comprador vuelva a pedir a la misma cocinera, _CUANDO_ inicia el siguiente período, _ENTONCES_ el contador de la racha para el sello ""Vecino Fiel"" se reinicia.",,DANIEL CAMILO MOSQUERA MARTINEZ,,712020:e4492493-613d-4cf0-aa7f-038185bba789,,,,,,,,,,,,,,,,,,,,,,,,,,,,OC-44,,,,,,,,,0|i0001w:0002,,,,5.0,,,{},,Por hacer,19/sep/26 12:58 PM,10031,OC-1,EPIC-01: OllaCercana
HU-20: Consulta de Resumen de Historial e Ingresos Referenciales,OC-36,10066,Historia,Por hacer,OC,OllaCercana,software,DANIEL CAMILO MOSQUERA MARTINEZ,712020:e4492493-613d-4cf0-aa7f-038185bba789,,Medium,,,,DANIEL CAMILO MOSQUERA MARTINEZ,712020:e4492493-613d-4cf0-aa7f-038185bba789,DANIEL CAMILO MOSQUERA MARTINEZ,712020:e4492493-613d-4cf0-aa7f-038185bba789,19/sep/26 12:58 PM,24/sep/26 5:45 PM,23/sep/26 9:06 AM,,,0,"* *Título:* Como Cocinera, quiero consultar mi historial de platos vendidos, el cálculo de mis ingresos referenciales y el plato más popular, para llevar un control de mis ventas caseras.
* *Descripción:* Panel de consulta con métricas acumuladas y resumen de actividad gastronómica.
* *Criterios de Aceptación:*
** *Escenario 1 (Camino feliz):* _DADO_ que la cocinera ingresa a la pestaña ""Historial de ventas"", _CUANDO_ carga la vista, _ENTONCES_ el sistema refleja el total acumulado en dinero referencial, el número de porciones entregadas y el plato con mayor número de pedidos.
** *Escenario 2 (Camino de error - Historial sin ventas):* _DADO_ que una cocinera nueva no ha realizado su primera venta, _CUANDO_ entra al módulo, _ENTONCES_ la pantalla muestra un estado vacío con el mensaje ""Aún no has registrado tu primera venta. ¡Publica un plato hoy!"".
** *Escenario 3 (Camino condicional - Detalle por pedido):* _DADO_ que la cocinera presiona sobre un pedido antiguo del historial, _CUANDO_ lo selecciona, _ENTONCES_ la interfaz despliega los detalles de la fecha, comprador, porciones y calificación obtenida.",,DANIEL CAMILO MOSQUERA MARTINEZ,,712020:e4492493-613d-4cf0-aa7f-038185bba789,,,,,,,,,,,,,,,,,,,,,,,,,,,,OC-39,OC-47,,,,,,,,0|i0001w:0004,,,,2.0,,,{},,Por hacer,19/sep/26 12:58 PM,10031,OC-1,EPIC-01: OllaCercana
HU-19: Gestión y Resolución de Reportes de la Comunidad,OC-35,10065,Historia,Por hacer,OC,OllaCercana,software,DANIEL CAMILO MOSQUERA MARTINEZ,712020:e4492493-613d-4cf0-aa7f-038185bba789,,Medium,,,,DANIEL CAMILO MOSQUERA MARTINEZ,712020:e4492493-613d-4cf0-aa7f-038185bba789,DANIEL CAMILO MOSQUERA MARTINEZ,712020:e4492493-613d-4cf0-aa7f-038185bba789,19/sep/26 12:58 PM,23/sep/26 11:07 PM,23/sep/26 9:13 AM,,,0,"* *Título:* Como Administrador, quiero revisar la lista de reportes y perfiles pausados, para tomar decisiones de sanción o reactivación según las normas.
* *Descripción:* Centro de moderación donde el administrador gestiona reclamos, revisa disputas y reactiva cuentas.
* *Criterios de Aceptación:*
** *Escenario 1 (Camino feliz):* _DADO_ que el administrador revisa un reporte justificado, _CUANDO_ selecciona ""Inhabilitar publicación"", _ENTONCES_ la oferta es retirada del sistema y se le notifica la causa al usuario emisor.
** *Escenario 2 (Camino alternativo - Reactivación de perfil pausado):* _DADO_ que el administrador examina una cocinera pausada por la regla de baja calificación y encuentra justificada la falla, _CUANDO_ selecciona ""Reactivar perfil"", _ENTONCES_ la cocinera vuelve a tener habilitada la opción de publicar.
** *Escenario 3 (Camino de error - Sin permisos de administrador):* _DADO_ que un comprador o cocinera intenta acceder al panel de moderación, _CUANDO_ ingresa la ruta, _ENTONCES_ el sistema deniega el acceso indicando ""No tiene permisos para ver esta sección"".",,DANIEL CAMILO MOSQUERA MARTINEZ,,712020:e4492493-613d-4cf0-aa7f-038185bba789,,,,,,,,,,,,,,,,,,,,,,,,,,,,OC-45,,,,,,,,,0|i0001w:0009,,,,3.0,,,{},,Por hacer,19/sep/26 12:58 PM,10031,OC-1,EPIC-01: OllaCercana
HU-18: Reportar Publicaciones o Usuarios por Incumplimiento,OC-34,10064,Historia,Por hacer,OC,OllaCercana,software,DANIEL CAMILO MOSQUERA MARTINEZ,712020:e4492493-613d-4cf0-aa7f-038185bba789,,Medium,,,,DANIEL CAMILO MOSQUERA MARTINEZ,712020:e4492493-613d-4cf0-aa7f-038185bba789,DANIEL CAMILO MOSQUERA MARTINEZ,712020:e4492493-613d-4cf0-aa7f-038185bba789,19/sep/26 12:58 PM,23/sep/26 11:06 PM,,,,0,"* *Título:* Como Usuario, quiero enviar un reporte sobre una publicación o usuario que incumpla las normas, para alertar a la administración y mantener la seguridad comunitaria.
* *Descripción:* Herramienta para que los vecinos informen sobre irregularidades, problemas con la comida o conductas inapropiadas.
* *Criterios de Aceptación:*
** *Escenario 1 (Camino feliz):* _DADO_ que un comprador tiene una mala experiencia, _CUANDO_ selecciona ""Reportar"", elige una causa de la lista y redacta una breve explicación, _ENTONCES_ el sistema crea el caso y notifica que el reporte fue enviado con éxito.
** *Escenario 2 (Camino de error - Envió de reporte sin motivo):* _DADO_ que el usuario intenta enviar un reporte sin seleccionar una razón de la lista, _CUANDO_ presiona ""Enviar"", _ENTONCES_ el sistema resalta el campo indicando ""Debe seleccionar un motivo de reporte"".
** *Escenario 3 (Camino condicional - Adjuntar evidencias):* _DADO_ que el usuario desea adjuntar una foto del producto defectuoso, _CUANDO_ completa el reporte, _ENTONCES_ el sistema le permite subir una imagen de respaldo antes de finalizar.",,DANIEL CAMILO MOSQUERA MARTINEZ,,712020:e4492493-613d-4cf0-aa7f-038185bba789,,,,,,,,,,,,,,,,,,,,,,,,,,,,OC-45,,,,,,,,,0|i0001w:000i,,,,3.0,,,{},,Por hacer,19/sep/26 12:58 PM,10031,OC-1,EPIC-01: OllaCercana
HU-17: Recepción de Avisos del Estado de la Reserva y Mensajes,OC-33,10063,Historia,Por hacer,OC,OllaCercana,software,DANIEL CAMILO MOSQUERA MARTINEZ,712020:e4492493-613d-4cf0-aa7f-038185bba789,,Medium,,,,DANIEL CAMILO MOSQUERA MARTINEZ,712020:e4492493-613d-4cf0-aa7f-038185bba789,DANIEL CAMILO MOSQUERA MARTINEZ,712020:e4492493-613d-4cf0-aa7f-038185bba789,19/sep/26 12:58 PM,24/sep/26 4:48 PM,,,,0,"* *Título:* Como Usuario, quiero recibir alertas instantáneas en mi pantalla cuando cambie el estado de mi reserva o reciba un mensaje nuevo, para reaccionar rápidamente.
* *Descripción:* Sistema de avisos informativos sobre eventos importantes dentro de la plataforma.
* *Criterios de Aceptación:*
** *Escenario 1 (Camino feliz):* _DADO_ que la cocinera confirma la reserva del comprador, _CUANDO_ la acción se registra, _ENTONCES_ el comprador recibe una alerta instantánea: ""¡Tu pedido de Bandeja Paisa ha sido confirmado!"".
** *Escenario 2 (Camino condicional - Alerta de recordatorio de recogida):* _DADO_ que un pedido confirmado está próximo a la hora acordada, _CUANDO_ faltan 15 minutos, _ENTONCES_ el comprador recibe una notificación de recordatorio para acercarse al punto de entrega.
** *Escenario 3 (Camino de error - Desactivación de alertas):* _DADO_ que el usuario desactiva los avisos en la pantalla de ajustes, _CUANDO_ ocurre un cambio de estado, _ENTONCES_ las alertas en pantalla no se despliegan pero la información queda almacenada en la pestaña ""Notificaciones"".",,DANIEL CAMILO MOSQUERA MARTINEZ,,712020:e4492493-613d-4cf0-aa7f-038185bba789,,,,,,,,,,,,,,,,,,,,,,OC-49,,,,,,,,,,,,,,,0|i0001w:001,,,,5.0,,,{},,Por hacer,19/sep/26 12:58 PM,10031,OC-1,EPIC-01: OllaCercana
HU-16: Sincronización en Tiempo Real de Porciones Disponibles,OC-32,10062,Historia,Por hacer,OC,OllaCercana,software,DANIEL CAMILO MOSQUERA MARTINEZ,712020:e4492493-613d-4cf0-aa7f-038185bba789,,Medium,,,,DANIEL CAMILO MOSQUERA MARTINEZ,712020:e4492493-613d-4cf0-aa7f-038185bba789,DANIEL CAMILO MOSQUERA MARTINEZ,712020:e4492493-613d-4cf0-aa7f-038185bba789,19/sep/26 12:58 PM,23/sep/26 11:05 PM,23/sep/26 9:05 AM,,,0,"* *Título:* Como Comprador, quiero ver cómo se reduce la cantidad de porciones en tiempo real cuando otros vecinos reservan, para saber la disponibilidad exacta antes de pedir.
* *Descripción:* Actualización dinámica de los contadores de inventario en la pantalla del usuario.
* *Criterios de Aceptación:*
** *Escenario 1 (Camino feliz):* _DADO_ que dos compradores observan la misma tarjeta con 2 porciones, _CUANDO_ el primer comprador reserva 1 porción, _ENTONCES_ la pantalla del segundo comprador cambia automáticamente a ""1 porción disponible"" sin necesidad de recargar.
** *Escenario 2 (Camino de error - Intento simultáneo sobre la última porción):* _DADO_ que queda 1 sola porción disponible y dos compradores presionan ""Apartar"" exactamente al mismo tiempo, _CUANDO_ el sistema procesa el primer intento, _ENTONCES_ el segundo comprador recibe la alerta ""Lo sentimos, la última porción acaba de ser reservada"".
** *Escenario 3 (Camino condicional - Indicador de escasez):* _DADO_ que el stock de porciones cae a 1, _CUANDO_ el contador se actualiza, _ENTONCES_ la insignia cambia de color a rojo para alertar sobre la última unidad disponible.",,DANIEL CAMILO MOSQUERA MARTINEZ,,712020:e4492493-613d-4cf0-aa7f-038185bba789,,,,,,,,,,,,,,,,,,,,,,,,,,,,OC-40,,,,,,,,,0|i0001w:002,,,,5.0,,,{},,Por hacer,19/sep/26 12:58 PM,10031,OC-1,EPIC-01: OllaCercana
HU-15: Calificación del Intercambio Comunitario,OC-31,10061,Historia,Por hacer,OC,OllaCercana,software,DANIEL CAMILO MOSQUERA MARTINEZ,712020:e4492493-613d-4cf0-aa7f-038185bba789,,Medium,,,,DANIEL CAMILO MOSQUERA MARTINEZ,712020:e4492493-613d-4cf0-aa7f-038185bba789,DANIEL CAMILO MOSQUERA MARTINEZ,712020:e4492493-613d-4cf0-aa7f-038185bba789,19/sep/26 12:58 PM,24/sep/26 5:45 PM,23/sep/26 9:05 AM,,,0,"* *Título:* Como Comprador o Cocinera, quiero evaluar la experiencia del intercambio asignando de 1 a 5 estrellas y un comentario, para construir un historial de reputación comunitaria.
* *Descripción:* Formulario de evaluación del servicio y la comida una vez completada la entrega.
* *Criterios de Aceptación:*
** *Escenario 1 (Camino feliz):* _DADO_ que un pedido fue marcado como ""Entregado"", _CUANDO_ el comprador o la cocinera ingresan a la sección ""Historial"", _ENTONCES_ se habilita la opción de seleccionar de 1 a 5 estrellas y enviar su opinión.
** *Escenario 2 (Camino de error - Intento de calificar pedido no entregado):* _DADO_ que el pedido sigue en estado ""Pendiente"" o fue ""Cancelado"", _CUANDO_ el usuario busca calificar, _ENTONCES_ el sistema no muestra el formulario y señala ""Solo se pueden calificar pedidos completados"".
** *Escenario 3 (Camino condicional - Calificación obligatoria):* _DADO_ que un usuario intenta enviar la reseña sin marcar la cantidad de estrellas, _CUANDO_ presiona enviar, _ENTONCES_ el sistema le exige seleccionar al menos una estrella.",,DANIEL CAMILO MOSQUERA MARTINEZ,,712020:e4492493-613d-4cf0-aa7f-038185bba789,,,,,,,,,,,,,,,,,,,,,,,,,,,,OC-44,OC-47,,,,,,,,0|i0001w:004,,,,3.0,,,{},,Por hacer,19/sep/26 12:58 PM,10031,OC-1,EPIC-01: OllaCercana
HU-14: Visualización de Métodos de Pago Disponibles,OC-30,10060,Historia,Por hacer,OC,OllaCercana,software,DANIEL CAMILO MOSQUERA MARTINEZ,712020:e4492493-613d-4cf0-aa7f-038185bba789,,Medium,,,,DANIEL CAMILO MOSQUERA MARTINEZ,712020:e4492493-613d-4cf0-aa7f-038185bba789,DANIEL CAMILO MOSQUERA MARTINEZ,712020:e4492493-613d-4cf0-aa7f-038185bba789,19/sep/26 12:57 PM,24/sep/26 5:45 PM,23/sep/26 9:05 AM,,,0,"* *Título:* Como Comprador, quiero visualizar los métodos de pago contra entrega aceptados (Efectivo, Nequi, Daviplata), para saber cómo cancelar el pedido directamente a la cocinera.
* *Descripción:* Módulo de consulta de información sobre las modalidades de pago directo acordadas entre las partes.
* *Criterios de Aceptación:*
** *Escenario 1 (Camino feliz):* _DADO_ que el comprador está en el resumen del pedido, _CUANDO_ consulta la sección de pago, _ENTONCES_ el sistema indica claramente que el dinero se entrega directamente a la cocinera en efectivo o transferencia acordada.
** *Escenario 2 (Camino de error - Intento de pago en línea):* _DADO_ que un usuario busca una opción de pasarela de pago con tarjeta, _CUANDO_ revisa las opciones, _ENTONCES_ la plataforma muestra una nota aclaratoria: ""OllaCercana no procesa dinero. El pago se realiza contra entrega"".
** *Escenario 3 (Camino condicional - Selección de método de preferencia):* _DADO_ que el comprador realiza la reserva, _CUANDO_ completa el formulario, _ENTONCES_ puede marcar opcionalmente con qué método tiene pensado pagar (Ej. ""Efectivo exacto"").",,DANIEL CAMILO MOSQUERA MARTINEZ,,712020:e4492493-613d-4cf0-aa7f-038185bba789,,,,,,,,,,,,,,,,,,,,,,,,,,,,OC-41,OC-47,,,,,,,,0|i0001w:009,,,,2.0,,,{},,Por hacer,19/sep/26 12:57 PM,10031,OC-1,EPIC-01: OllaCercana
HU-13: Coordinación de Entrega entre Comprador y Cocinera,OC-29,10059,Historia,Por hacer,OC,OllaCercana,software,DANIEL CAMILO MOSQUERA MARTINEZ,712020:e4492493-613d-4cf0-aa7f-038185bba789,,Medium,,,,DANIEL CAMILO MOSQUERA MARTINEZ,712020:e4492493-613d-4cf0-aa7f-038185bba789,DANIEL CAMILO MOSQUERA MARTINEZ,712020:e4492493-613d-4cf0-aa7f-038185bba789,19/sep/26 12:57 PM,24/sep/26 5:45 PM,23/sep/26 9:05 AM,,,0,"* *Título:* Como Comprador y Cocinera con reserva confirmada, queremos comunicarnos por un chat dentro de la aplicación, para acordar el punto exacto y la hora de entrega de la comida.
* *Descripción:* Canal de mensajería directo habilitado exclusivamente cuando existe una reserva activa entre ambas partes. El chat pasa a solo lectura cuando la reserva queda completada.
* *Criterios de Aceptación:*
** *Escenario 1 (Camino feliz):* _DADO_ que una reserva está en estado ""Confirmado"", _CUANDO_ el comprador o la cocinera abren la sección ""Mensajes"", _ENTONCES_ pueden enviar y recibir mensajes de texto para coordinar la entrega.
** *Escenario 2 (Camino de error - Chat en reserva cancelada):* _DADO_ que la reserva es cancelada o rechazada, _CUANDO_ cualquiera de las partes intenta enviar un mensaje, _ENTONCES_ el sistema bloquea el campo de texto con la leyenda ""Chat finalizado"".
** *Escenario 3 (Camino condicional - Mensajes no leídos):* _DADO_ que la cocinera envía un mensaje sobre el lugar de encuentro, _CUANDO_ el comprador no tiene la app abierta, _ENTONCES_ la interfaz resalta un indicador visual de mensaje pendiente.",,DANIEL CAMILO MOSQUERA MARTINEZ,,712020:e4492493-613d-4cf0-aa7f-038185bba789,,,,,,,,,,,,,,,,,,,,,,,,,,,,OC-41,OC-47,,,,,,,,0|i0001w:00i,,,,8.0,,,{},,Por hacer,19/sep/26 12:57 PM,10031,OC-1,EPIC-01: OllaCercana
HU-24: Actualizar Disponibilidad de Porciones,OC-48,10078,Historia,Por hacer,OC,OllaCercana,software,DANIEL CAMILO MOSQUERA MARTINEZ,712020:e4492493-613d-4cf0-aa7f-038185bba789,,Medium,,,,JUAN MANUEL GARZON VIRACACHA,712020:84c2381e-0735-4ef1-8142-125bf6cf90b5,JUAN MANUEL GARZON VIRACACHA,712020:84c2381e-0735-4ef1-8142-125bf6cf90b5,24/sep/26 4:23 PM,24/sep/26 9:31 PM,,,,0,"Formato:

Como cocinera, quiero ajustar manualmente las porciones de un plato publicado (aumentar, disminuir, marcar agotado) para maneter el inventario exacto.

Criterios de aceptación:

* *Escenario 1 (Camino feliz — aumentar):* DADO que el plato tiene 3 porciones totales, CUANDO la cocinera aumenta 2, ENTONCES el total pasa a 5 y las disponibles se recalculan.
* *Escenario 2 (Error — reducción por debajo de comprometidas):* DADO que el plato tiene 3 porciones comprometidas, CUANDO la cocinera intenta dejar el total en 2, ENTONCES el sistema rechaza con el mensaje ""Tienes N porciones reservadas"".
* *Escenario 3 (Condicional — marcar agotado):* DADO que la cocinera marca el plato como agotado, CUANDO confirma, ENTONCES las disponibles quedan en 0 y el plato pasa a AGOTADO sin cancelar reservas existentes.
* *Escenario 4 (Concurrencia):* DADO que otra reserva cambió la versión del plato mientras la cocinera editaba, CUANDO guarda, ENTONCES el sistema rechaza y muestra los valores actualizados.",,JUAN MANUEL GARZON VIRACACHA,,712020:84c2381e-0735-4ef1-8142-125bf6cf90b5,,,,,,,,,,,,,,,,,,,,,,,,,,,,,,,,,,,,,0|i0001w:00m,,,Sprint 2 - OllaCercana,3.0,,,{},,Por hacer,24/sep/26 4:23 PM,10031,OC-1,EPIC-01: OllaCercana
FEAT-10: Documentacion API (Swagger),OC-46,10076,Feature,Por hacer,OC,OllaCercana,software,DANIEL CAMILO MOSQUERA MARTINEZ,712020:e4492493-613d-4cf0-aa7f-038185bba789,,Medium,,JUAN MANUEL GARZON VIRACACHA,712020:84c2381e-0735-4ef1-8142-125bf6cf90b5,JUAN MANUEL GARZON VIRACACHA,712020:84c2381e-0735-4ef1-8142-125bf6cf90b5,JUAN MANUEL GARZON VIRACACHA,712020:84c2381e-0735-4ef1-8142-125bf6cf90b5,24/sep/26 4:16 PM,25/sep/26 10:32 AM,,,,0,"Infraestructura de documentación técnica del API. No es funcionalidad de negocio: ningún actor del sistema (Cocinera, Comprador, Administrador) interactúa directamente con Swagger. Expone la documentación de todos los endpoints con springdoc-openapi, separando la documentación de la implementación en interfaces {{*Api.java}} dentro de {{controller/docs/}}, y configurando el título, versión y descripción del proyecto mediante un {{@Bean OpenAPI}}.

*Tareas asociadas:* OC-165 (Crear SwaggerConfig con @Bean OpenAPI), OC-166 (Verificar interfaces *Api.java en cada Controller).",,JUAN MANUEL GARZON VIRACACHA,,712020:84c2381e-0735-4ef1-8142-125bf6cf90b5,,,,,,,,,,,,,,,,,,,,,,,,,,,,,,,,,,,,,0|i0001w:00r,,,Sprint 2 - OllaCercana,2.0,,,{},,Por hacer,24/sep/26 4:16 PM,10031,OC-1,EPIC-01: OllaCercana
HU-12: Aceptar o Rechazar Solicitudes de Reserva,OC-28,10058,Historia,Por hacer,OC,OllaCercana,software,DANIEL CAMILO MOSQUERA MARTINEZ,712020:e4492493-613d-4cf0-aa7f-038185bba789,,Medium,,,,DANIEL CAMILO MOSQUERA MARTINEZ,712020:e4492493-613d-4cf0-aa7f-038185bba789,DANIEL CAMILO MOSQUERA MARTINEZ,712020:e4492493-613d-4cf0-aa7f-038185bba789,19/sep/26 12:57 PM,24/sep/26 8:45 PM,23/sep/26 9:05 AM,,,0,"* *Título:* Como Cocinera, quiero revisar las solicitudes de reserva entrantes para aceptarlas o rechazarlas, para controlar las entregas en mi hogar.
* *Descripción:* Gestión de aprobación de pedidos por parte de la cocinera.
* *Criterios de Aceptación:*
** *Escenario 1 (Camino feliz - Aceptación):* _DADO_ que la cocinera tiene una solicitud pendiente, _CUANDO_ presiona ""Confirmar"", _ENTONCES_ el pedido pasa a estado ""Confirmado"", se descuenta la porción del inventario y se habilita la coordinación de entrega.
** *Escenario 2 (Camino de error - Rechazo de reserva):* _DADO_ que la cocinera no puede atender la solicitud, _CUANDO_ presiona ""Rechazar"", _ENTONCES_ la reserva se cancela y la porción queda inmediatamente libre en la publicación.
** *Escenario 3 (Camino condicional - Notificación al comprador):* _DADO_ que la cocinera confirma o rechaza el pedido, _CUANDO_ se efectúa la acción, _ENTONCES_ el comprador recibe un aviso instantáneo con la decisión tomada.",,DANIEL CAMILO MOSQUERA MARTINEZ,,712020:e4492493-613d-4cf0-aa7f-038185bba789,,,,,,,,,,,,,,,,,,,,,,,,,,,,OC-41,,,,,,,,,0|i0001w:01,,,Sprint 2 - OllaCercana,3.0,,,{},,Por hacer,19/sep/26 12:57 PM,10031,OC-1,EPIC-01: OllaCercana
HU-11: Apartar Porciones de Comida Casera,OC-27,10057,Historia,Por hacer,OC,OllaCercana,software,DANIEL CAMILO MOSQUERA MARTINEZ,712020:e4492493-613d-4cf0-aa7f-038185bba789,,Medium,,,,DANIEL CAMILO MOSQUERA MARTINEZ,712020:e4492493-613d-4cf0-aa7f-038185bba789,DANIEL CAMILO MOSQUERA MARTINEZ,712020:e4492493-613d-4cf0-aa7f-038185bba789,19/sep/26 12:57 PM,24/sep/26 8:50 PM,23/sep/26 9:05 AM,,,0,"* *Título:* Como Comprador, quiero solicitar el apartado de una o varias porciones de un plato activo, para asegurar mi comida antes de que se agote.
* *Descripción:* Solicitud formal de reserva de porciones de comida por parte de un comprador.
* *Criterios de Aceptación:*
** *Escenario 1 (Camino feliz):* _DADO_ que el plato tiene 3 porciones disponibles, _CUANDO_ el comprador presiona ""Apartar porción"" seleccionando 1 unidad, _ENTONCES_ el sistema crea la solicitud en estado ""Pendiente de confirmación"" y congela el precio acordado.
** *Escenario 2 (Camino de error - Exceso de porciones):* _DADO_ que quedan 2 porciones y el comprador intenta solicitar 3, _CUANDO_ presiona apartar, _ENTONCES_ el sistema detiene el proceso y muestra ""Solo quedan 2 porciones disponibles"".
** *Escenario 3 (Camino condicional - Plato sin stock):* _DADO_ que un plato tiene 0 porciones disponibles, _CUANDO_ un comprador ingresa a la tarjeta, _ENTONCES_ el botón ""Apartar porción"" se muestra deshabilitado.",,DANIEL CAMILO MOSQUERA MARTINEZ,,712020:e4492493-613d-4cf0-aa7f-038185bba789,,,,,,,,,,,,,,,,,,,,,,,,,,,,OC-41,,,,,,,,,0|i0001w:02,,,Sprint 2 - OllaCercana,5.0,,,{},,Por hacer,19/sep/26 12:57 PM,10031,OC-1,EPIC-01: OllaCercana
HU-10: Ocultamiento de Dirección Exacta de la Cocinera,OC-26,10056,Historia,Por hacer,OC,OllaCercana,software,DANIEL CAMILO MOSQUERA MARTINEZ,712020:e4492493-613d-4cf0-aa7f-038185bba789,,Medium,,,,DANIEL CAMILO MOSQUERA MARTINEZ,712020:e4492493-613d-4cf0-aa7f-038185bba789,DANIEL CAMILO MOSQUERA MARTINEZ,712020:e4492493-613d-4cf0-aa7f-038185bba789,19/sep/26 12:57 PM,24/sep/26 5:22 PM,23/sep/26 9:04 AM,,,0,"* *Título:* Como Cocinera, quiero que mi dirección exacta y número de apartamento permanezcan ocultos al público, para proteger mi privacidad y mostrar únicamente el conjunto residencial como referencia.
* *Descripción:* Resguardo de la dirección privada de la cocinera, mostrando únicamente la zona o conjunto residencial.
* *Criterios de Aceptación:*
** *Escenario 1 (Camino feliz):* _DADO_ que un comprador navega por una publicación, _CUANDO_ observa la información de ubicación, _ENTONCES_ la interfaz muestra únicamente ""Conjunto San Luis"" y la distancia en metros.
** *Escenario 2 (Camino de error - Intento de ver dirección sin confirmación):* _DADO_ que la reserva no ha sido confirmada por la cocinera, _CUANDO_ el comprador revisa los detalles del pedido, _ENTONCES_ la dirección exacta no aparece disponible en ninguna sección.
** *Escenario 3 (Camino condicional - Coordinación tras reserva):* _DADO_ que la reserva es confirmada, _CUANDO_ se habilita el canal de chat, _ENTONCES_ la cocinera puede indicar por mensaje el punto de encuentro en la portería o zona común.",,DANIEL CAMILO MOSQUERA MARTINEZ,,712020:e4492493-613d-4cf0-aa7f-038185bba789,,,,,,,,,,,,,,,,,,,,,,,,,,,,OC-40,,,,,,,,,0|i0001w:04,,,Sprint 2 - OllaCercana,3.0,,,{},,Por hacer,19/sep/26 12:57 PM,10031,OC-1,EPIC-01: OllaCercana
HU-09: Consultar Mapa Interactivo de Cocineras,OC-25,10055,Historia,Por hacer,OC,OllaCercana,software,DANIEL CAMILO MOSQUERA MARTINEZ,712020:e4492493-613d-4cf0-aa7f-038185bba789,,Medium,,,,DANIEL CAMILO MOSQUERA MARTINEZ,712020:e4492493-613d-4cf0-aa7f-038185bba789,DANIEL CAMILO MOSQUERA MARTINEZ,712020:e4492493-613d-4cf0-aa7f-038185bba789,19/sep/26 12:56 PM,23/sep/26 11:05 PM,23/sep/26 9:04 AM,,,0,"* *Título:* Como Comprador, quiero visualizar los puntos de las cocineras activas en un mapa interactivo, para ubicar la cercanía física de la comida antes de decidir.
* *Descripción:* Representación cartográfica de las cocineras con platos disponibles dentro de la zona.
* *Criterios de Aceptación:*
** *Escenario 1 (Camino feliz):* _DADO_ que hay 3 cocineras con publicaciones vigentes en el sector, _CUANDO_ el comprador abre la vista ""Mapa"", _ENTONCES_ se despliegan 3 marcadores en las zonas de los conjuntos correspondientes.
** *Escenario 2 (Camino de error - Sin cocineras activas en el área):* _DADO_ que la zona no cuenta con ofertas, _CUANDO_ se carga el mapa, _ENTONCES_ se muestra la ubicación del usuario con un mensaje indicando ""Sin cocineras activas alrededor"".
** *Escenario 3 (Camino condicional - Selección de marcador):* _DADO_ que el comprador presiona un marcador en el mapa, _CUANDO_ interactúa con él, _ENTONCES_ se abre una ventana flotante con la foto del plato, precio y distancia estimada.",,DANIEL CAMILO MOSQUERA MARTINEZ,,712020:e4492493-613d-4cf0-aa7f-038185bba789,,,,,,,,,,,,,,,,,,,,,,,,,,,,OC-40,,,,,,,,,0|i0001w:09,,,,8.0,,,{},,Por hacer,19/sep/26 12:56 PM,10031,OC-1,EPIC-01: OllaCercana
HU-08: Filtrar Platos por Etiquetas Dietéticas,OC-24,10054,Historia,Por hacer,OC,OllaCercana,software,DANIEL CAMILO MOSQUERA MARTINEZ,712020:e4492493-613d-4cf0-aa7f-038185bba789,,Medium,,,,DANIEL CAMILO MOSQUERA MARTINEZ,712020:e4492493-613d-4cf0-aa7f-038185bba789,DANIEL CAMILO MOSQUERA MARTINEZ,712020:e4492493-613d-4cf0-aa7f-038185bba789,19/sep/26 12:56 PM,23/sep/26 11:04 PM,23/sep/26 9:04 AM,,,0,"* *Título:* Como Comprador con necesidades dietéticas, quiero filtrar la lista de platos según etiquetas como Vegetariano, Sin Gluten o Sin Lactosa, para asegurar que puedo consumirlos sin riesgo.
* *Descripción:* Selección de ofertas culinarias adaptadas a preferencias o restricciones alimentarias específicas.
* *Criterios de Aceptación:*
** *Escenario 1 (Camino feliz):* _DADO_ que el comprador activa la casilla ""Vegetariano"", _CUANDO_ consulta los resultados, _ENTONCES_ se listan únicamente las publicaciones declaradas como vegetarianas por la cocinera.
** *Escenario 2 (Camino de error - Múltiples filtros restrictivos sin coincidencia):* _DADO_ que el comprador selecciona ""Sin Gluten"" y ""Vegano"" simultáneamente y ningún plato cumple ambas condiciones, _CUANDO_ busca, _ENTONCES_ el sistema informa ""No hay opciones disponibles que cumplan todos los filtros seleccionados"".
** *Escenario 3 (Camino condicional - Visualización de insignias):* _DADO_ que un plato cumple con una restricción, _CUANDO_ aparece en los resultados, _ENTONCES_ la tarjeta muestra claramente una etiqueta visual verde identificando la característica.",,DANIEL CAMILO MOSQUERA MARTINEZ,,712020:e4492493-613d-4cf0-aa7f-038185bba789,,,,,,,,,,,,,,,,,,,,,,,,,,,,OC-40,,,,,,,,,0|i0001w:0i,,,,2.0,,,{},,Por hacer,19/sep/26 12:56 PM,10031,OC-1,EPIC-01: OllaCercana
FEAT-00 Gestión Proyecto,OC-14,10044,Feature,Listo,OC,OllaCercana,software,DANIEL CAMILO MOSQUERA MARTINEZ,712020:e4492493-613d-4cf0-aa7f-038185bba789,,Medium,Listo,DANIEL CAMILO MOSQUERA MARTINEZ,712020:e4492493-613d-4cf0-aa7f-038185bba789,DANIEL CAMILO MOSQUERA MARTINEZ,712020:e4492493-613d-4cf0-aa7f-038185bba789,DANIEL CAMILO MOSQUERA MARTINEZ,712020:e4492493-613d-4cf0-aa7f-038185bba789,19/sep/26 12:15 AM,23/sep/26 11:03 PM,23/sep/26 9:03 AM,23/sep/26 11:03 PM,23/sep/26 12:00 AM,0,,,DANIEL CAMILO MOSQUERA MARTINEZ,,712020:e4492493-613d-4cf0-aa7f-038185bba789,,,,,,,,,,,,,,,,,,,,,,,,,,,,,,,,,,,,,0|i0001w:i,,20/sep/26 12:00 AM,OC Sprint 1,2.0,,,{},,Listo,23/sep/26 11:03 PM,10031,OC-1,EPIC-01: OllaCercana
FEAT-01: Arquitectura & Setup,OC-2,10032,Feature,Listo,OC,OllaCercana,software,DANIEL CAMILO MOSQUERA MARTINEZ,712020:e4492493-613d-4cf0-aa7f-038185bba789,,Medium,Listo,DANIEL CAMILO MOSQUERA MARTINEZ,712020:e4492493-613d-4cf0-aa7f-038185bba789,DANIEL CAMILO MOSQUERA MARTINEZ,712020:e4492493-613d-4cf0-aa7f-038185bba789,DANIEL CAMILO MOSQUERA MARTINEZ,712020:e4492493-613d-4cf0-aa7f-038185bba789,18/sep/26 8:23 PM,24/sep/26 5:04 PM,23/sep/26 9:03 AM,22/sep/26 1:28 AM,23/sep/26 12:00 AM,0,"Diseñar la arquitectura lógica en capas (Controller, Service, Repository) y comunicaciones.",,DANIEL CAMILO MOSQUERA MARTINEZ,,712020:e4492493-613d-4cf0-aa7f-038185bba789,,,,,,,,,,,,,,,,,,,,,,,,,,,,OC-50,OC-51,OC-52,OC-53,OC-54,OC-55,,,,0|i0001x:d,purple,19/sep/26 12:00 AM,OC Sprint 1,6.0,,,{},,Listo,22/sep/26 1:28 AM,10031,OC-1,EPIC-01: OllaCercana
FEAT-02: Análisis & Requerimientos,OC-3,10033,Feature,Listo,OC,OllaCercana,software,DANIEL CAMILO MOSQUERA MARTINEZ,712020:e4492493-613d-4cf0-aa7f-038185bba789,,Medium,Listo,DANIEL CAMILO MOSQUERA MARTINEZ,712020:e4492493-613d-4cf0-aa7f-038185bba789,DANIEL CAMILO MOSQUERA MARTINEZ,712020:e4492493-613d-4cf0-aa7f-038185bba789,DANIEL CAMILO MOSQUERA MARTINEZ,712020:e4492493-613d-4cf0-aa7f-038185bba789,18/sep/26 8:25 PM,24/sep/26 5:07 PM,23/sep/26 9:03 AM,23/sep/26 8:54 PM,23/sep/26 12:00 AM,0,,,DANIEL CAMILO MOSQUERA MARTINEZ,,712020:e4492493-613d-4cf0-aa7f-038185bba789,,,,,,,,,,,,,,,,,,,OC-57,,,,,,,,,OC-56,OC-58,,,,,,,,0|i0001x:i,,19/sep/26 12:00 AM,OC Sprint 1,4.0,,,{},,Listo,23/sep/26 8:54 PM,10031,OC-1,EPIC-01: OllaCercana
FEAT-03: Diseño & UX,OC-4,10034,Feature,Listo,OC,OllaCercana,software,DANIEL CAMILO MOSQUERA MARTINEZ,712020:e4492493-613d-4cf0-aa7f-038185bba789,,Medium,Listo,DANIEL CAMILO MOSQUERA MARTINEZ,712020:e4492493-613d-4cf0-aa7f-038185bba789,DANIEL CAMILO MOSQUERA MARTINEZ,712020:e4492493-613d-4cf0-aa7f-038185bba789,DANIEL CAMILO MOSQUERA MARTINEZ,712020:e4492493-613d-4cf0-aa7f-038185bba789,18/sep/26 8:26 PM,24/sep/26 11:09 PM,23/sep/26 9:03 AM,23/sep/26 8:54 PM,23/sep/26 12:00 AM,0,,,DANIEL CAMILO MOSQUERA MARTINEZ,,712020:e4492493-613d-4cf0-aa7f-038185bba789,,,,,,,,,,,,,,,,,,,,,,,,,,,,OC-167,,,,,,,,,0|i0001y:,,19/sep/26 12:00 AM,OC Sprint 1,4.0,,,{},,Listo,23/sep/26 8:54 PM,10031,OC-1,EPIC-01: OllaCercana
HU-01: Registro de Cuenta en la Plataforma,OC-17,10047,Historia,Por hacer,OC,OllaCercana,software,DANIEL CAMILO MOSQUERA MARTINEZ,712020:e4492493-613d-4cf0-aa7f-038185bba789,,Medium,,,,DANIEL CAMILO MOSQUERA MARTINEZ,712020:e4492493-613d-4cf0-aa7f-038185bba789,DANIEL CAMILO MOSQUERA MARTINEZ,712020:e4492493-613d-4cf0-aa7f-038185bba789,19/sep/26 12:16 PM,24/sep/26 9:00 PM,23/sep/26 9:04 AM,,,0,"* *Título:* Como Comprador o Cocinera, quiero registrarme en OllaCercana proporcionando mis datos personales, para acceder a la plataforma y conectarme con mi comunidad vecinal.
* *Descripción:* Permite a un nuevo vecino crear una cuenta en el sistema ingresando correo electrónico, nombre completo, rol inicial (Comprador o Cocinera) y contraseña de acceso.
* *Criterios de Aceptación:*
** *Escenario 1 (Camino feliz):* _DADO_ que el vecino ingresa un correo no registrado previamente y cumple con todos los campos obligatorios, _CUANDO_ presiona ""Registrarse"", _ENTONCES_ el sistema crea la cuenta de forma exitosa y lo redirige a la pantalla de inicio de sesión.
** *Escenario 2 (Camino de error - Correo existente):* _DADO_ que el vecino ingresa un correo electrónico que ya se encuentra registrado, _CUANDO_ intenta completar el formulario, _ENTONCES_ el sistema detiene el proceso y muestra el mensaje: ""El correo ya se encuentra registrado"".
** *Escenario 3 (Camino condicional - Campos incompletos):* _DADO_ que el vecino omite completar el campo de nombre o rol, _CUANDO_ intenta enviar el formulario, _ENTONCES_ el sistema resalta los campos faltantes y deshabilita el botón de registro.",,DANIEL CAMILO MOSQUERA MARTINEZ,,712020:e4492493-613d-4cf0-aa7f-038185bba789,,,,,,,,,,,,,,,,,,,,,,,,,,,,OC-43,,,,,,,,,0|i0001y:9,,,Sprint 2 - OllaCercana,3.0,,,{},,Por hacer,20/sep/26 10:12 PM,10031,OC-1,EPIC-01: OllaCercana
HU-02: Inicio de Sesión de Usuario,OC-18,10048,Historia,Por hacer,OC,OllaCercana,software,DANIEL CAMILO MOSQUERA MARTINEZ,712020:e4492493-613d-4cf0-aa7f-038185bba789,,Medium,,,,DANIEL CAMILO MOSQUERA MARTINEZ,712020:e4492493-613d-4cf0-aa7f-038185bba789,DANIEL CAMILO MOSQUERA MARTINEZ,712020:e4492493-613d-4cf0-aa7f-038185bba789,19/sep/26 12:16 PM,24/sep/26 5:45 PM,23/sep/26 9:33 AM,,,0,"* *Título:* Como Usuario registrado, quiero iniciar sesión con mis credenciales, para ingresar a mi panel personalizado según mi rol.
* *Descripción:* Permite la validación de identidad del usuario para ingresar de manera segura a sus funciones de comprador o cocinera.
* *Criterios de Aceptación:*
** *Escenario 1 (Camino feliz):* _DADO_ que el usuario ingresa su correo y contraseña correctos, _CUANDO_ hace clic en ""Iniciar Sesión"", _ENTONCES_ el sistema concede acceso e ingresa a la pantalla principal correspondiente a su perfil.
** *Escenario 2 (Camino de error - Credenciales inválidas):* _DADO_ que el usuario ingresa una contraseña errónea, _CUANDO_ intenta autenticarse, _ENTONCES_ el sistema muestra la alerta ""Credenciales inválidas"" y no permite el ingreso.
** *Escenario 3 (Camino de error - Usuario inexistente):* _DADO_ que el usuario escribe un correo que no está registrado, _CUANDO_ presiona ingresar, _ENTONCES_ el sistema indica ""El usuario no existe"" y sugiere la opción de registro.",,DANIEL CAMILO MOSQUERA MARTINEZ,,712020:e4492493-613d-4cf0-aa7f-038185bba789,,,,,,,,,,,,,,,,,,,,,,,,,,,,OC-43,,,,,,,,,0|i0001y:i,,,Sprint 2 - OllaCercana,3.0,,,{},,Por hacer,19/sep/26 12:16 PM,10031,OC-1,EPIC-01: OllaCercana
HU-03: Configuración de Perfil de Cocinera y Conjunto Residencial,OC-19,10049,Historia,Por hacer,OC,OllaCercana,software,DANIEL CAMILO MOSQUERA MARTINEZ,712020:e4492493-613d-4cf0-aa7f-038185bba789,,Medium,,,,DANIEL CAMILO MOSQUERA MARTINEZ,712020:e4492493-613d-4cf0-aa7f-038185bba789,DANIEL CAMILO MOSQUERA MARTINEZ,712020:e4492493-613d-4cf0-aa7f-038185bba789,19/sep/26 12:25 PM,24/sep/26 9:13 PM,23/sep/26 9:04 AM,,,0,"* *Título:* Como Cocinera, quiero configurar la información de mi perfil (nombre comercial, conjunto residencial y número telefónico verificado), para habilitar mi cuenta y garantizar que mis ofertas sean visibles únicamente para los vecinos de mi zona.
* *Descripción:* Permite a la cocinera gestionar su nombre comercial, biografía corta, seleccionar el conjunto residencial o barrio registrado donde cocina (cumpliendo {{RN-05}}), e ingresar/verificar su número telefónico mediante un código de validación (cumpliendo {{RN-01}}). La verificación telefónica es el requisito indispensable para habilitar el botón de publicación de platos en la plataforma.
* *Criterios de Aceptación:*
** *Escenario 1 (Camino feliz):* _DADO_ que la cocinera ingresa su nombre comercial, selecciona su conjunto residencial e ingresa un número de teléfono válido, _CUANDO_ valida el código de verificación enviado a su celular y guarda los cambios, _ENTONCES_ el sistema guarda el perfil, marca el estado del teléfono como _""Verificado""_ y habilita el permiso para publicar platos caseros.
** *Escenario 2 (Camino de error - Sin conjunto seleccionado):* _DADO_ que la cocinera intenta guardar su perfil sin seleccionar un conjunto residencial de la lista disponible, _CUANDO_ presiona _""Guardar""_, _ENTONCES_ el sistema impide el guardado y muestra el mensaje de error: _""Debe seleccionar un conjunto residencial registrado""_.
** *Escenario 3 (Camino de restricción / Regla de negocio RN-01 - Teléfono no verificado):* _DADO_ que la cocinera ha guardado sus datos de perfil pero no ha completado el proceso de verificación de su número telefónico, _CUANDO_ intenta acceder a la sección _""Publicar plato""_, _ENTONCES_ el sistema bloquea la acción y muestra el mensaje: _""Debes verificar tu número telefónico en tu perfil antes de poder realizar tu primera publicación""_.
** *Escenario 4 (Camino condicional - Edición de datos existentes):* _DADO_ que la cocinera edita su nombre comercial o biografía en un perfil que ya tiene el teléfono verificado, _CUANDO_ guarda las modificaciones, _ENTONCES_ los datos públicos se actualizan inmediatamente sin requerir una nueva verificación SMS (a menos que modifique la cifra de su número telefónico).",,DANIEL CAMILO MOSQUERA MARTINEZ,,712020:e4492493-613d-4cf0-aa7f-038185bba789,,,,,,,,,,,,,,,,,,,,,,,,,,,,OC-43,,,,,,,,,0|i0001y:r,,,Sprint 2 - OllaCercana,5.0,,,{},,Por hacer,19/sep/26 12:25 PM,10031,OC-1,EPIC-01: OllaCercana
HU-04: Publicar Oferta de Comida Casera del Día,OC-20,10050,Historia,Por hacer,OC,OllaCercana,software,DANIEL CAMILO MOSQUERA MARTINEZ,712020:e4492493-613d-4cf0-aa7f-038185bba789,,Medium,,,,DANIEL CAMILO MOSQUERA MARTINEZ,712020:e4492493-613d-4cf0-aa7f-038185bba789,DANIEL CAMILO MOSQUERA MARTINEZ,712020:e4492493-613d-4cf0-aa7f-038185bba789,19/sep/26 12:56 PM,24/sep/26 5:10 PM,23/sep/26 9:04 AM,,,0,"* *Título:* Como Cocinera, quiero publicar un plato detallando su nombre, descripción y fotografía real, para ofertarlo a los vecinos cercanos interesados.
* *Descripción:* Creación y despliegue de una oferta gastronómica del día en la plataforma por parte de la cocinera.
* *Criterios de Aceptación:*
** *Escenario 1 (Camino feliz):* _DADO_ que la cocinera con teléfono verificado llena el formulario con fotografía, nombre del plato y descripción, _CUANDO_ presiona ""Publicar plato"", _ENTONCES_ la publicación pasa a estado ""Disponible"" y es visible en la zona.
** *Escenario 2 (Camino de error - Teléfono no verificado):* _DADO_ que la cocinera no ha completado la verificación telefónica, _CUANDO_ intenta publicar un plato, _ENTONCES_ el sistema bloquea la acción y la redirige al módulo de verificación.
** *Escenario 3 (Camino condicional - Sin foto adjunta):* _DADO_ que la cocinera intenta publicar sin subir una imagen del plato, _CUANDO_ presiona guardar, _ENTONCES_ el sistema exige la carga de una foto como campo obligatorio antes de continuar.",,DANIEL CAMILO MOSQUERA MARTINEZ,,712020:e4492493-613d-4cf0-aa7f-038185bba789,,,,,,,,,,,,,,,,,,,,,,,,,,,,OC-39,,,,,,,,,0|i0001y:v,,,Sprint 2 - OllaCercana,5.0,,,{},,Por hacer,19/sep/26 12:56 PM,10031,OC-1,EPIC-01: OllaCercana
HU-05: Establecer Porciones Disponibles y Precio por Porción,OC-21,10051,Historia,Por hacer,OC,OllaCercana,software,DANIEL CAMILO MOSQUERA MARTINEZ,712020:e4492493-613d-4cf0-aa7f-038185bba789,,Medium,,,,DANIEL CAMILO MOSQUERA MARTINEZ,712020:e4492493-613d-4cf0-aa7f-038185bba789,DANIEL CAMILO MOSQUERA MARTINEZ,712020:e4492493-613d-4cf0-aa7f-038185bba789,19/sep/26 12:56 PM,24/sep/26 5:11 PM,23/sep/26 9:04 AM,,,0,"* *Título:* Como Cocinera, quiero especificar el número de porciones disponibles y el precio unitario del plato, para controlar mi inventario y congelar la tarifa al momento de reservar.
* *Descripción:* Definición del volumen de venta y tarifa comercial para la publicación activa.
* *Criterios de Aceptación:*
** *Escenario 1 (Camino feliz):* _DADO_ que la cocinera asigna 5 porciones a un precio de $12.000 COP cada una, _CUANDO_ confirma la publicación, _ENTONCES_ el sistema registra el inventario inicial y establece ese precio como fijo para todas las reservas de esa publicación.
** *Escenario 2 (Camino de error - Porciones en cero):* _DADO_ que la cocinera ingresa 0 en la cantidad de porciones, _CUANDO_ intenta publicar, _ENTONCES_ el sistema indica ""Debe publicar al menos 1 porción"".
** *Escenario 3 (Camino condicional - Precio fuera de rango):* _DADO_ que la cocinera ingresa un precio negativo o nulo, _CUANDO_ intenta guardar, _ENTONCES_ el sistema resalta el error ""El precio por porción debe ser mayor a cero"".",,DANIEL CAMILO MOSQUERA MARTINEZ,,712020:e4492493-613d-4cf0-aa7f-038185bba789,,,,,,,,,,,,,,,,,,,,,,,,,,,,OC-39,,,,,,,,,0|i0001y:x,,,Sprint 2 - OllaCercana,3.0,,,{},,Por hacer,19/sep/26 12:56 PM,10031,OC-1,EPIC-01: OllaCercana
HU-06: Consultar Platos Disponibles por Radio de Distancia,OC-22,10052,Historia,Por hacer,OC,OllaCercana,software,DANIEL CAMILO MOSQUERA MARTINEZ,712020:e4492493-613d-4cf0-aa7f-038185bba789,,Medium,,JUAN MANUEL GARZON VIRACACHA,712020:84c2381e-0735-4ef1-8142-125bf6cf90b5,DANIEL CAMILO MOSQUERA MARTINEZ,712020:e4492493-613d-4cf0-aa7f-038185bba789,DANIEL CAMILO MOSQUERA MARTINEZ,712020:e4492493-613d-4cf0-aa7f-038185bba789,19/sep/26 12:56 PM,25/sep/26 10:32 AM,23/sep/26 9:04 AM,,,0,"* *Título:* Como Comprador, quiero consultar la lista de platos caseros disponibles dentro de un radio de 500m a 2km de mi ubicación, para encontrar comida cercana y económica.
* *Descripción:* Búsqueda y listado de ofertas gastronómicas activas en la zona geográfica del usuario.
* *Criterios de Aceptación:*
** *Escenario 1 (Camino feliz):* _DADO_ que el comprador tiene activa su ubicación y existen platos vigentes a 800 metros, _CUANDO_ ingresa a la pestaña ""Explorar"", _ENTONCES_ el sistema despliega las tarjetas de los platos ordenadas por cercanía.
** *Escenario 2 (Camino de error - Sin ubicación habilitada):* _DADO_ que el comprador deniega el permiso de ubicación, _CUANDO_ intenta buscar platos, _ENTONCES_ el sistema le solicita seleccionar manualmente un conjunto residencial para poder mostrar ofertas.
** *Escenario 3 (Camino condicional - Estado vacío por distancia):* _DADO_ que no existen publicaciones activas a menos de 2km, _CUANDO_ el comprador realiza la búsqueda, _ENTONCES_ el sistema despliega la pantalla de estado vacío: ""Todavía no hay platos en tu zona. Amplía el radio de búsqueda"".
** *Escenario 4 (Dirección manual):* DADO que el comprador no tiene GPS, CUANDO escribe una dirección o su conjunto y la selecciona del autocompletado, ENTONCES el sistema geocodifica y muestra los platos en el radio de esa ubicación.",,DANIEL CAMILO MOSQUERA MARTINEZ,,712020:e4492493-613d-4cf0-aa7f-038185bba789,,,,,,,,,,,,,,,,,,,,,,,,,,,,OC-40,,,,,,,,,0|i0001y:y,,,Sprint 2 - OllaCercana,5.0,,,{},,Por hacer,19/sep/26 12:56 PM,10031,OC-1,EPIC-01: OllaCercana
HU-07: Filtrar Platos por Tipo de Menú,OC-23,10053,Historia,Por hacer,OC,OllaCercana,software,DANIEL CAMILO MOSQUERA MARTINEZ,712020:e4492493-613d-4cf0-aa7f-038185bba789,,Medium,,JUAN MANUEL GARZON VIRACACHA,712020:84c2381e-0735-4ef1-8142-125bf6cf90b5,DANIEL CAMILO MOSQUERA MARTINEZ,712020:e4492493-613d-4cf0-aa7f-038185bba789,DANIEL CAMILO MOSQUERA MARTINEZ,712020:e4492493-613d-4cf0-aa7f-038185bba789,19/sep/26 12:56 PM,25/sep/26 10:32 AM,23/sep/26 9:04 AM,,,0,"* *Título:* Como Comprador, quiero filtrar las publicaciones por categorías como Almuerzo, Cena, Postres o Sopas, para encontrar rápidamente el menú de mi preferencia.
* *Descripción:* Herramienta de clasificación rápida para acotar el catálogo según el tipo de plato deseado.
* *Criterios de Aceptación:*
** *Escenario 1 (Camino feliz):* _DADO_ que el comprador selecciona la categoría ""Almuerzo"", _CUANDO_ aplica el filtro, _ENTONCES_ la lista se actualiza mostrando únicamente las ofertas etiquetadas como almuerzo.
** *Escenario 2 (Camino de error - Categoría sin platos):* _DADO_ que el comprador selecciona la categoría ""Postres"" y no hay ofertas vigentes de ese tipo, _CUANDO_ aplica el filtro, _ENTONCES_ se muestra el mensaje ""No hay postres disponibles en este momento"".
** *Escenario 3 (Camino condicional - Limpieza de filtros):* _DADO_ que el comprador presiona el botón ""Limpiar filtros"", _CUANDO_ ejecuta la acción, _ENTONCES_ la pantalla vuelve a mostrar la totalidad de los platos disponibles en el radio.",,DANIEL CAMILO MOSQUERA MARTINEZ,,712020:e4492493-613d-4cf0-aa7f-038185bba789,,,,,,,,,,,,,,,,,,,,,,,,,,,,OC-40,,,,,,,,,0|i0001y:z,,,Sprint 2 - OllaCercana,3.0,,,{},,Por hacer,19/sep/26 12:56 PM,10031,OC-1,EPIC-01: OllaCercana
TASK-04 Repositorio Backend Base (Spring Boot),OC-8,10038,Subtask,Listo,OC,OllaCercana,software,DANIEL CAMILO MOSQUERA MARTINEZ,712020:e4492493-613d-4cf0-aa7f-038185bba789,,Medium,Listo,JUAN MANUEL GARZON VIRACACHA,712020:84c2381e-0735-4ef1-8142-125bf6cf90b5,DANIEL CAMILO MOSQUERA MARTINEZ,712020:e4492493-613d-4cf0-aa7f-038185bba789,DANIEL CAMILO MOSQUERA MARTINEZ,712020:e4492493-613d-4cf0-aa7f-038185bba789,18/sep/26 11:15 PM,21/sep/26 8:29 PM,,21/sep/26 8:29 PM,21/sep/26 12:00 AM,0,"Inicializar el repositorio Git con la estructura Maven/Spring Boot. Incluir en el {{README.md}} los diagramas de arquitectura y la justificación técnica de los patrones:

* *Observer:* Notificaciones push (FCM) y actualización en tiempo real de disponibilidad via WebSockets.
* *Chain of Responsibility:* Cadena de moderación para reportes y perfil pausado si la calificación cae de 3.5★.
* *Iterator / Composite:* Justificación para filtrado y búsqueda de platos.",,DANIEL CAMILO MOSQUERA MARTINEZ,JUAN MANUEL GARZON VIRACACHA,712020:e4492493-613d-4cf0-aa7f-038185bba789,712020:84c2381e-0735-4ef1-8142-125bf6cf90b5,,,,,,,,,,,,,,,,,,OC-15,,,,,,,,,,,,,,,,,,0|i0001z:,,20/sep/26 12:00 AM,OC Sprint 1,1.0,,,{},"21/sep/26 8:29 PM;712020:84c2381e-0735-4ef1-8142-125bf6cf90b5;Link del repositorio

[https://github.com/JuanMaGV1/OllaCercana|https://github.com/JuanMaGV1/OllaCercana|smart-link] ",Listo,21/sep/26 8:29 PM,10032,OC-2,FEAT-01: Arquitectura & Setup
TASK-03 Diagramas de Componentes (General y Específico),OC-7,10037,Subtask,Listo,OC,OllaCercana,software,DANIEL CAMILO MOSQUERA MARTINEZ,712020:e4492493-613d-4cf0-aa7f-038185bba789,,Medium,Listo,SANTIAGO ANDRES GARCIA ALMARIO,712020:f9bcdea1-27db-40ca-b0a1-390105e50fcf,DANIEL CAMILO MOSQUERA MARTINEZ,712020:e4492493-613d-4cf0-aa7f-038185bba789,DANIEL CAMILO MOSQUERA MARTINEZ,712020:e4492493-613d-4cf0-aa7f-038185bba789,18/sep/26 11:14 PM,20/sep/26 6:22 PM,,20/sep/26 6:22 PM,20/sep/26 12:00 AM,0,"Diseñar la arquitectura lógica en capas (Controller, Service, Repository) y comunicaciones.",,DANIEL CAMILO MOSQUERA MARTINEZ,SANTIAGO ANDRES GARCIA ALMARIO,712020:e4492493-613d-4cf0-aa7f-038185bba789,712020:f9bcdea1-27db-40ca-b0a1-390105e50fcf,,,,,,,,,OC-10,,,,,,,,,OC-15,OC-13,,,,,,,,,,,,,,20/sep/26 6:21 PM;ug:6c511e3f-5ca0-4da1-af2a-4b7ca4a64762;ollacercana_componentes.drawio;https://mail-team-lu7li63q.atlassian.net/rest/api/3/attachment/content/10001,,,0|i00020:,,19/sep/26 12:00 AM,OC Sprint 1,1.0,,,{},"20/sep/26 6:21 PM;712020:f9bcdea1-27db-40ca-b0a1-390105e50fcf;[^ollacercana_componentes.drawio]

",Listo,20/sep/26 6:22 PM,10032,OC-2,FEAT-01: Arquitectura & Setup
TASK-02 Diagrama de Clases Base,OC-6,10036,Subtask,Listo,OC,OllaCercana,software,DANIEL CAMILO MOSQUERA MARTINEZ,712020:e4492493-613d-4cf0-aa7f-038185bba789,,Medium,Listo,DANIEL CAMILO MOSQUERA MARTINEZ,712020:e4492493-613d-4cf0-aa7f-038185bba789,DANIEL CAMILO MOSQUERA MARTINEZ,712020:e4492493-613d-4cf0-aa7f-038185bba789,DANIEL CAMILO MOSQUERA MARTINEZ,712020:e4492493-613d-4cf0-aa7f-038185bba789,18/sep/26 11:13 PM,20/sep/26 9:55 PM,20/sep/26 8:24 PM,20/sep/26 9:55 PM,20/sep/26 12:00 AM,0,"Modelar las entidades principales ({{Usuario}}, {{Cocinera}}, {{Comprador}}, {{Plato}}, {{Reserva}}, {{Calificacion}}) y sus relaciones.",,DANIEL CAMILO MOSQUERA MARTINEZ,,712020:e4492493-613d-4cf0-aa7f-038185bba789,,,,,,,,,,,,,,,,,,,OC-15,OC-13,,,,,,,,,,,,,,,,,0|i00022:,,19/sep/26 12:00 AM,OC Sprint 1,1.0,,,{},,Listo,20/sep/26 9:55 PM,10032,OC-2,FEAT-01: Arquitectura & Setup
TASK-01 Corrección del Diagrama de Contexto,OC-5,10035,Subtask,Listo,OC,OllaCercana,software,DANIEL CAMILO MOSQUERA MARTINEZ,712020:e4492493-613d-4cf0-aa7f-038185bba789,,Medium,Listo,SANTIAGO ANDRES GARCIA ALMARIO,712020:f9bcdea1-27db-40ca-b0a1-390105e50fcf,DANIEL CAMILO MOSQUERA MARTINEZ,712020:e4492493-613d-4cf0-aa7f-038185bba789,DANIEL CAMILO MOSQUERA MARTINEZ,712020:e4492493-613d-4cf0-aa7f-038185bba789,18/sep/26 10:14 PM,20/sep/26 6:08 PM,,20/sep/26 6:08 PM,20/sep/26 12:00 AM,0,"Ajustar el diagrama para mostrar fronteras del sistema, actores (Cocinera, Comprador, Administrador) y sistemas externos (Geolocalización, FCM, Medios de pago). Eliminar las reglas de validación de usuario del diagrama y corregir notaciones UML.",,DANIEL CAMILO MOSQUERA MARTINEZ,SANTIAGO ANDRES GARCIA ALMARIO,712020:e4492493-613d-4cf0-aa7f-038185bba789,712020:f9bcdea1-27db-40ca-b0a1-390105e50fcf,,,,,,,,,,,,,,,,,,OC-15,,,,,,,,,,,,,,,20/sep/26 6:08 PM;ug:6c511e3f-5ca0-4da1-af2a-4b7ca4a64762;ollacercana_C4.drawio;https://mail-team-lu7li63q.atlassian.net/rest/api/3/attachment/content/10000,,,0|i00026:,yellow,19/sep/26 12:00 AM,OC Sprint 1,1.0,,,{},"20/sep/26 6:08 PM;712020:f9bcdea1-27db-40ca-b0a1-390105e50fcf;[^ollacercana_C4.drawio]

",Listo,20/sep/26 6:08 PM,10032,OC-2,FEAT-01: Arquitectura & Setup
TASK-06 Documento de Análisis de Requerimientos ,OC-10,10040,Subtask,Listo,OC,OllaCercana,software,DANIEL CAMILO MOSQUERA MARTINEZ,712020:e4492493-613d-4cf0-aa7f-038185bba789,,Medium,Listo,Julian Morales,712020:c5509a24-ee65-4504-8f07-5f8d0b5b7be1,DANIEL CAMILO MOSQUERA MARTINEZ,712020:e4492493-613d-4cf0-aa7f-038185bba789,DANIEL CAMILO MOSQUERA MARTINEZ,712020:e4492493-613d-4cf0-aa7f-038185bba789,18/sep/26 11:17 PM,23/sep/26 8:54 PM,23/sep/26 12:15 AM,23/sep/26 8:54 PM,22/sep/26 12:00 AM,0,"Redactar el documento oficial en la plantilla del curso. Detallar cada requerimiento funcional con sus actores, precondiciones, datos de entrada/salida, flujo principal y flujos alternativos.y anexar los diagramas de casos de uso UML.",,DANIEL CAMILO MOSQUERA MARTINEZ,,712020:e4492493-613d-4cf0-aa7f-038185bba789,,,,,,,,,,OC-9,,,,,,,,,OC-7,OC-12,OC-15,,,,,,,,,,,,,,,,0|i0002a:,,19/sep/26 12:00 AM,OC Sprint 1,3.0,,,{},,Listo,23/sep/26 8:54 PM,10033,OC-3,FEAT-02: Análisis & Requerimientos
TASK-05 Matriz de Requerimientos en Excel,OC-9,10039,Subtask,Listo,OC,OllaCercana,software,DANIEL CAMILO MOSQUERA MARTINEZ,712020:e4492493-613d-4cf0-aa7f-038185bba789,,Medium,Listo,DANIEL CAMILO MOSQUERA MARTINEZ,712020:e4492493-613d-4cf0-aa7f-038185bba789,DANIEL CAMILO MOSQUERA MARTINEZ,712020:e4492493-613d-4cf0-aa7f-038185bba789,DANIEL CAMILO MOSQUERA MARTINEZ,712020:e4492493-613d-4cf0-aa7f-038185bba789,18/sep/26 11:17 PM,20/sep/26 6:50 PM,,20/sep/26 6:50 PM,20/sep/26 12:00 AM,0,"Construir la matriz de excel agrupando los requerimientos (OC-01 al OC-19) en módulos de dominio, identificar dependencias entre ellos y clasificarlos.

Definir su nivel de prioridad para el MVP.",,DANIEL CAMILO MOSQUERA MARTINEZ,,712020:e4492493-613d-4cf0-aa7f-038185bba789,,,,,,,,,,,,,,,,,,,OC-10,OC-15,,,,,,,,,,,,,,,,,0|i0002e:,,19/sep/26 12:00 AM,OC Sprint 1,1.0,,,{},,Listo,20/sep/26 6:50 PM,10033,OC-3,FEAT-02: Análisis & Requerimientos
TASK-09 Repositorio Frontend Base (React) + README,OC-13,10043,Subtask,Listo,OC,OllaCercana,software,DANIEL CAMILO MOSQUERA MARTINEZ,712020:e4492493-613d-4cf0-aa7f-038185bba789,,Medium,Listo,SANTIAGO ANDRES GARCIA ALMARIO,712020:f9bcdea1-27db-40ca-b0a1-390105e50fcf,DANIEL CAMILO MOSQUERA MARTINEZ,712020:e4492493-613d-4cf0-aa7f-038185bba789,DANIEL CAMILO MOSQUERA MARTINEZ,712020:e4492493-613d-4cf0-aa7f-038185bba789,18/sep/26 11:19 PM,22/sep/26 6:35 PM,23/sep/26 8:57 AM,22/sep/26 6:34 PM,21/sep/26 12:00 AM,0,"Inicializar el repositorio Git de React (solo estructura inicial, sin código de componentes). Completar el {{README.md}} con los integrantes del equipo, contexto del proyecto, isotipo/logotipo, enlace al PDF del Manual de Identidad, enlace al prototipo de Figma y descripción de los módulos acompañada de capturas de los mockups.",,DANIEL CAMILO MOSQUERA MARTINEZ,SANTIAGO ANDRES GARCIA ALMARIO,712020:e4492493-613d-4cf0-aa7f-038185bba789,712020:f9bcdea1-27db-40ca-b0a1-390105e50fcf,,,,,,,,,OC-12,OC-11,OC-6,OC-7,,,,,,OC-15,,,,,,,,,,,,,,,,,,0|i0002g:,,20/sep/26 12:00 AM,OC Sprint 1,1.0,,,{},22/sep/26 6:35 PM;712020:f9bcdea1-27db-40ca-b0a1-390105e50fcf;[https://github.com/SantiagoAndresGarciaAlmario01/Frontend-Base.git|https://github.com/SantiagoAndresGarciaAlmario01/Frontend-Base.git|smart-link] ,Listo,22/sep/26 6:34 PM,10034,OC-4,FEAT-03: Diseño & UX
TASK-08 Prototipeado y Mockups en Figma,OC-12,10042,Subtask,Listo,OC,OllaCercana,software,DANIEL CAMILO MOSQUERA MARTINEZ,712020:e4492493-613d-4cf0-aa7f-038185bba789,,Medium,Listo,JUAN MANUEL GARZON VIRACACHA,712020:84c2381e-0735-4ef1-8142-125bf6cf90b5,DANIEL CAMILO MOSQUERA MARTINEZ,712020:e4492493-613d-4cf0-aa7f-038185bba789,DANIEL CAMILO MOSQUERA MARTINEZ,712020:e4492493-613d-4cf0-aa7f-038185bba789,18/sep/26 11:19 PM,21/sep/26 8:30 PM,,21/sep/26 8:30 PM,22/sep/26 12:00 AM,0,"Diseñar el flujo interactivo asegurando:

* Navegación por rol (Cocinera vs. Comprador).
* Estados de error de validación en formularios.
* _Empty States_ (ej. ""Todavía no hay platos en tu zona"").
* Aplicación de Heurísticas de Nielsen (visibilidad de estado, prevención de errores) y Leyes de UX (Fitts, Hick, Proximidad).",,DANIEL CAMILO MOSQUERA MARTINEZ,,712020:e4492493-613d-4cf0-aa7f-038185bba789,,,,,,,,,,OC-10,OC-11,,,,,,,,OC-13,OC-15,,,,,,,,,,,,,,,,,0|i0002i:,,20/sep/26 12:00 AM,OC Sprint 1,2.0,,,{},,Listo,21/sep/26 8:30 PM,10034,OC-4,FEAT-03: Diseño & UX
TASK-07 Documento Independiente: Manual de Identidad OllaCercana,OC-11,10041,Subtask,Listo,OC,OllaCercana,software,DANIEL CAMILO MOSQUERA MARTINEZ,712020:e4492493-613d-4cf0-aa7f-038185bba789,,Medium,Listo,KEVIN ANDREY ANGEL ACEVEDO,712020:65526efc-d88c-48f5-8803-19c44f616933,DANIEL CAMILO MOSQUERA MARTINEZ,712020:e4492493-613d-4cf0-aa7f-038185bba789,DANIEL CAMILO MOSQUERA MARTINEZ,712020:e4492493-613d-4cf0-aa7f-038185bba789,18/sep/26 11:18 PM,20/sep/26 9:44 PM,20/sep/26 9:44 PM,20/sep/26 9:44 PM,20/sep/26 12:00 AM,0,"Elaborar el PDF/documento oficial que contenga:

* *Logo en 3 versiones:* Isotipo simplificado, logo completo, y variaciones sobre fondo blanco y fondo negro.
* *Paleta de colores:* Significado/emoción UX + prueba visual de contraste accesible (WCAG 2.1).
* *Tipografía (Inter):* Muestras visuales en escala tipográfica (H1, H2, H3, Body, Captions).
* *Referentes de diseño:* Justificación visual de Rappi (filtros/categorías horizontales) y Airbnb (cuadrícula de tarjetas).",,DANIEL CAMILO MOSQUERA MARTINEZ,,712020:e4492493-613d-4cf0-aa7f-038185bba789,,,,,,,,,,,,,,,,,,,OC-12,OC-13,OC-15,,,,,,,,,,,,,,,,0|i0002m:,,19/sep/26 12:00 AM,OC Sprint 1,1.0,,,{},,Listo,20/sep/26 9:44 PM,10034,OC-4,FEAT-03: Diseño & UX
TASK-11: Registro de Dailies y Evidencias en Teams,OC-16,10046,Subtask,Listo,OC,OllaCercana,software,DANIEL CAMILO MOSQUERA MARTINEZ,712020:e4492493-613d-4cf0-aa7f-038185bba789,,Medium,Listo,DANIEL CAMILO MOSQUERA MARTINEZ,712020:e4492493-613d-4cf0-aa7f-038185bba789,DANIEL CAMILO MOSQUERA MARTINEZ,712020:e4492493-613d-4cf0-aa7f-038185bba789,DANIEL CAMILO MOSQUERA MARTINEZ,712020:e4492493-613d-4cf0-aa7f-038185bba789,19/sep/26 12:16 AM,23/sep/26 11:03 PM,,23/sep/26 11:03 PM,23/sep/26 12:00 AM,0,"Administrar el canal de Teams subiendo las grabaciones de las reuniones diarias (Dailies), publicar la bitácora escrita (asistentes, decisiones tomadas y bloqueos) y consolidar la publicación de la disponibilidad del equipo, matriz de enlaces y entregables en el canal.",,DANIEL CAMILO MOSQUERA MARTINEZ,,712020:e4492493-613d-4cf0-aa7f-038185bba789,,,,,,,,,,,,,,,,,,,,,,,,,,,,,,,,,,,,,0|i0002q:,,20/sep/26 12:00 AM,OC Sprint 1,1.0,,,{},,Listo,23/sep/26 11:03 PM,10044,OC-14,FEAT-00 Gestión Proyecto
TASK-10: Presentación para Sprint Review y Retrospectiva,OC-15,10045,Subtask,Listo,OC,OllaCercana,software,DANIEL CAMILO MOSQUERA MARTINEZ,712020:e4492493-613d-4cf0-aa7f-038185bba789,,Medium,Listo,DANIEL CAMILO MOSQUERA MARTINEZ,712020:e4492493-613d-4cf0-aa7f-038185bba789,DANIEL CAMILO MOSQUERA MARTINEZ,712020:e4492493-613d-4cf0-aa7f-038185bba789,DANIEL CAMILO MOSQUERA MARTINEZ,712020:e4492493-613d-4cf0-aa7f-038185bba789,19/sep/26 12:15 AM,23/sep/26 8:54 PM,23/sep/26 8:58 AM,23/sep/26 8:54 PM,23/sep/26 12:00 AM,0,"Diseñar la presentación (PPT/Canva) para la sesión del jueves. Incluir: roles del equipo, objetivo del Sprint 1, métricas de Jira (puntos planeados vs. logrados), demostración de las correcciones sobre el feedback de Semana 0, enlace al prototipo clickeable en Figma y las 4 preguntas de la Retrospectiva (qué se hizo bien, qué se hizo mal, compromisos para S2 y deuda técnica).",,DANIEL CAMILO MOSQUERA MARTINEZ,,712020:e4492493-613d-4cf0-aa7f-038185bba789,,,,,,,,,,OC-13,OC-10,OC-8,OC-12,OC-7,OC-6,OC-9,OC-11,OC-5,,,,,,,,,,,,,,,,,,,0|i0002u:,,20/sep/26 12:00 AM,OC Sprint 1,1.0,,,{},,Listo,23/sep/26 8:54 PM,10044,OC-14,FEAT-00 Gestión Proyecto
TASK-12 Diagrama de Casos de Uso,OC-42,10072,Subtask,Listo,OC,OllaCercana,software,DANIEL CAMILO MOSQUERA MARTINEZ,712020:e4492493-613d-4cf0-aa7f-038185bba789,,Medium,Listo,KEVIN ANDREY ANGEL ACEVEDO,712020:65526efc-d88c-48f5-8803-19c44f616933,DANIEL CAMILO MOSQUERA MARTINEZ,712020:e4492493-613d-4cf0-aa7f-038185bba789,DANIEL CAMILO MOSQUERA MARTINEZ,712020:e4492493-613d-4cf0-aa7f-038185bba789,20/sep/26 12:29 AM,20/sep/26 9:44 PM,22/sep/26 8:24 PM,20/sep/26 9:44 PM,21/sep/26 12:00 AM,0,"Diseñar y exportar los diagramas de casos de uso UML para todas las funcionalidades definidas en el sistema OllaCercana (Comprador, Cocinera y Administrador).",,DANIEL CAMILO MOSQUERA MARTINEZ,,712020:e4492493-613d-4cf0-aa7f-038185bba789,,,,,,,,,,,,,,,,,,,,,,,,,,,,,,,,,,,,,0|i00032:,,19/sep/26 12:00 AM,OC Sprint 1,2.0,,,{},,Listo,20/sep/26 9:44 PM,10032,OC-2,FEAT-01: Arquitectura & Setup
FEAT-04: Autenticación / Perfil,OC-43,10073,Feature,Por hacer,OC,OllaCercana,software,DANIEL CAMILO MOSQUERA MARTINEZ,712020:e4492493-613d-4cf0-aa7f-038185bba789,,Medium,,,,DANIEL CAMILO MOSQUERA MARTINEZ,712020:e4492493-613d-4cf0-aa7f-038185bba789,DANIEL CAMILO MOSQUERA MARTINEZ,712020:e4492493-613d-4cf0-aa7f-038185bba789,23/sep/26 10:53 PM,25/sep/26 12:17 AM,,,,0,"Registro de nuevos usuarios, autenticación con credenciales, gestión del perfil de cocinera y verificación telefónica por OTP. Agrupa las HU-01, HU-02 y HU-03.”Gestión de cuentas de usuario. Cubre el registro con verificación OTP por SMS, el inicio de sesión con credenciales y la gestión del perfil público y privado. Cada cuenta se vincula a un rol (Comprador, Cocinera o Administrador) y a un conjunto residencial con ubicación aproximada. La verificación del celular es obligatoria para publicar platos o reservar porciones (RN-01).

*HUs asociadas:* HU-01 (Registro), HU-02 (Inicio de Sesión), HU-03 (Configuración de Perfil de Cocinera).

*En Sprint 2* se implementa la estructura base del registro, login y perfil. La generación y validación completa de JWT se completa en Sprint 3.

*Reglas de negocio aplicables:* RN-01, RN-05, RN-11, RN-12, RN-13.",,DANIEL CAMILO MOSQUERA MARTINEZ,,712020:e4492493-613d-4cf0-aa7f-038185bba789,,,,,,,,,,,,,,,,,,,,,,OC-17,OC-18,OC-19,,,,,,,,,,,,,0|i0003a:,,,,,,,{},,Por hacer,23/sep/26 10:53 PM,10031,OC-1,EPIC-01: OllaCercana
FEAT-08: Confianza y Reputación,OC-44,10074,Feature,Por hacer,OC,OllaCercana,software,DANIEL CAMILO MOSQUERA MARTINEZ,712020:e4492493-613d-4cf0-aa7f-038185bba789,,Medium,,,,DANIEL CAMILO MOSQUERA MARTINEZ,712020:e4492493-613d-4cf0-aa7f-038185bba789,DANIEL CAMILO MOSQUERA MARTINEZ,712020:e4492493-613d-4cf0-aa7f-038185bba789,23/sep/26 11:01 PM,25/sep/26 12:18 AM,,,,0,"Sistema de calificación mutua y reputación. Comprador y cocinera pueden calificarse con 1 a 5 estrellas y un comentario después de un intercambio completado. Las reseñas se publican simultáneamente al cumplirse la ventana de 72 horas para evitar represalias (RN-20). El promedio visible considera solo reseñas publicadas. Una cocinera con promedio menor a 3.5 durante al menos 5 reseñas queda Pausada hasta que moderación la reactive (RN-09). Al acumular 50 reseñas positivas obtiene la insignia Cocinera Destacada y sus platos aparecen primero en su zona (RN-10).

*HUs asociadas:* HU-15 (Calificación del Intercambio), HU-20 (Historial e Ingresos Referenciales), HU-21 (Retos Comunitarios e Insignias de Fidelidad), HU-22 (Consulta de Reputación e Historial Público).

*Nota:* HU-21 (Retos Comunitarios) queda fuera del alcance del MVP por decisión del equipo. Su implementación se evalúa para versiones futuras.

*Reglas de negocio aplicables:* RN-08, RN-09, RN-10, RN-19, RN-20, RN-24.",,DANIEL CAMILO MOSQUERA MARTINEZ,,712020:e4492493-613d-4cf0-aa7f-038185bba789,,,,,,,,,,,,,,,,,,,,,,OC-31,OC-37,OC-38,,,,,,,,,,,,,0|i0003i:,,,,,,,{},,Por hacer,23/sep/26 11:01 PM,10031,OC-1,EPIC-01: OllaCercana
FEAT-09: Moderación,OC-45,10075,Feature,Por hacer,OC,OllaCercana,software,DANIEL CAMILO MOSQUERA MARTINEZ,712020:e4492493-613d-4cf0-aa7f-038185bba789,,Medium,,,,DANIEL CAMILO MOSQUERA MARTINEZ,712020:e4492493-613d-4cf0-aa7f-038185bba789,DANIEL CAMILO MOSQUERA MARTINEZ,712020:e4492493-613d-4cf0-aa7f-038185bba789,23/sep/26 11:01 PM,25/sep/26 12:18 AM,,,,0,"*Estado actual:* tiene descripción. Está bien pero le falta mencionar al Administrador y las decisiones.
*Descripción actual:* ""Moderación de publicaciones y cuentas: reportes de usuarios, casos de moderación, decisiones de suspensión, reactivación y ocultamiento preventivo. Agrupa las HU-18 y HU-19.""

*Descripción sugerida (ampliada):*

{quote}Panel de moderación para el Administrador. Permite revisar la cola de reportes, analizar evidencia, resolver disputas y tomar decisiones justificadas: descartar, advertir, ocultar o restaurar publicaciones, reactivar cocineras pausadas, pausar o suspender cuentas temporal o indefinidamente. Una publicación que recibe reportes de 3 usuarios distintos se oculta preventivamente hasta que se resuelva el caso (RN-22). Toda decisión queda auditada con fecha, hora y responsable (RN-23).

*HUs asociadas:* HU-18 (Reportar Publicaciones o Usuarios), HU-19 (Gestión y Resolución de Reportes).

*Reglas de negocio aplicables:* RN-09, RN-13, RN-18, RN-21, RN-22, RN-23.{quote}",,DANIEL CAMILO MOSQUERA MARTINEZ,,712020:e4492493-613d-4cf0-aa7f-038185bba789,,,,,,,,,,,,,,,,,,,,,,OC-34,OC-35,,,,,,,,,,,,,,0|i0003q:,,,,,,,{},,Por hacer,23/sep/26 11:01 PM,10031,OC-1,EPIC-01: OllaCercana
FEAT-11: Interacción (Chat y Notificaciones),OC-49,10079,Feature,Por hacer,OC,OllaCercana,software,DANIEL CAMILO MOSQUERA MARTINEZ,712020:e4492493-613d-4cf0-aa7f-038185bba789,,Medium,,,,JUAN MANUEL GARZON VIRACACHA,712020:84c2381e-0735-4ef1-8142-125bf6cf90b5,JUAN MANUEL GARZON VIRACACHA,712020:84c2381e-0735-4ef1-8142-125bf6cf90b5,24/sep/26 4:39 PM,25/sep/26 12:19 AM,,,,0,"Comunicación entre comprador y cocinera durante el ciclo de una reserva y sistema de notificaciones. El chat se habilita solo cuando la reserva está Confirmada y pasa a solo lectura automáticamente al completarse, cancelarse o expirar (RN-17). El historial se conserva 30 días después del cierre para atender reportes (RN-18). El sistema envía notificaciones push por FCM e in-app sobre eventos de reserva (nueva solicitud, confirmación, rechazo, expiración, recordatorio de confirmación a los 7 minutos) y sobre nuevos mensajes de chat. Las notificaciones de reserva son obligatorias y no se pueden desactivar; solo las de chat son configurables (RN-26).

*HUs asociadas:* HU-13 (Coordinación de Entrega por Chat), HU-16 (Sincronización en Tiempo Real), HU-17 (Recepción de Avisos del Estado de la Reserva).

*Reglas de negocio aplicables:* RN-04, RN-17, RN-18, RN-25, RN-26.",,JUAN MANUEL GARZON VIRACACHA,,712020:84c2381e-0735-4ef1-8142-125bf6cf90b5,,,,,,,,,,,,,,,,,,,,,,,,,,,,OC-33,OC-47,,,,,,,,0|i0003y:,,,,,,,{},,Por hacer,24/sep/26 4:39 PM,10031,OC-1,EPIC-01: OllaCercana
TASK-13 Decisión de persistencia + Diagrama ERD/Colecciones,OC-50,10080,Tarea,Por hacer,OC,OllaCercana,software,DANIEL CAMILO MOSQUERA MARTINEZ,712020:e4492493-613d-4cf0-aa7f-038185bba789,,Medium,,JUAN MANUEL GARZON VIRACACHA,712020:84c2381e-0735-4ef1-8142-125bf6cf90b5,JUAN MANUEL GARZON VIRACACHA,712020:84c2381e-0735-4ef1-8142-125bf6cf90b5,JUAN MANUEL GARZON VIRACACHA,712020:84c2381e-0735-4ef1-8142-125bf6cf90b5,24/sep/26 4:49 PM,24/sep/26 11:16 PM,,,,0,"Documentar si el proyecto usa PostgreSQL, MongoDB o mixta. Justificación técnica + diagrama relacional o de colecciones.",,JUAN MANUEL GARZON VIRACACHA,,712020:84c2381e-0735-4ef1-8142-125bf6cf90b5,,,,,,,,,,,,,,,,,,,,,,OC-2,,,,,,,,,,,,,,,0|i00046:,,,Sprint 2 - OllaCercana,1.0,,,{},,Por hacer,24/sep/26 4:49 PM,10031,OC-1,EPIC-01: OllaCercana
	TASK-14 Diagrama de Clases,OC-51,10081,Tarea,Por hacer,OC,OllaCercana,software,DANIEL CAMILO MOSQUERA MARTINEZ,712020:e4492493-613d-4cf0-aa7f-038185bba789,,Medium,,JUAN MANUEL GARZON VIRACACHA,712020:84c2381e-0735-4ef1-8142-125bf6cf90b5,JUAN MANUEL GARZON VIRACACHA,712020:84c2381e-0735-4ef1-8142-125bf6cf90b5,JUAN MANUEL GARZON VIRACACHA,712020:84c2381e-0735-4ef1-8142-125bf6cf90b5,24/sep/26 4:50 PM,24/sep/26 11:16 PM,,,,0,"Reconstruir el diagrama de clases con las clases de dominio, entidades JPA/Mongo y DTOs. Prohibido Mermaid o autogenerado.",,JUAN MANUEL GARZON VIRACACHA,,712020:84c2381e-0735-4ef1-8142-125bf6cf90b5,,,,,,,,,,,,,,,,,,,,,,OC-2,,,,,,,,,,,,,,,0|i0004e:,,,Sprint 2 - OllaCercana,1.0,,,{},,Por hacer,24/sep/26 4:50 PM,10031,OC-1,EPIC-01: OllaCercana
TASK-15 Diagrama de Componentes Específico,OC-52,10082,Tarea,Por hacer,OC,OllaCercana,software,DANIEL CAMILO MOSQUERA MARTINEZ,712020:e4492493-613d-4cf0-aa7f-038185bba789,,Medium,,JUAN MANUEL GARZON VIRACACHA,712020:84c2381e-0735-4ef1-8142-125bf6cf90b5,JUAN MANUEL GARZON VIRACACHA,712020:84c2381e-0735-4ef1-8142-125bf6cf90b5,JUAN MANUEL GARZON VIRACACHA,712020:84c2381e-0735-4ef1-8142-125bf6cf90b5,24/sep/26 4:53 PM,24/sep/26 11:16 PM,,,,0,"Estructura interna del proyecto (controller, service, mapper, validator, repository, model) con dependencias reales.",,JUAN MANUEL GARZON VIRACACHA,,712020:84c2381e-0735-4ef1-8142-125bf6cf90b5,,,,,,,,,,,,,,,,,,,,,,OC-2,,,,,,,,,,,,,,,0|i0004m:,,,Sprint 2 - OllaCercana,1.0,,,{},,Por hacer,24/sep/26 4:53 PM,10031,OC-1,EPIC-01: OllaCercana
	TASK-16 Diagrama de Componentes General,OC-53,10083,Tarea,Por hacer,OC,OllaCercana,software,DANIEL CAMILO MOSQUERA MARTINEZ,712020:e4492493-613d-4cf0-aa7f-038185bba789,,Medium,,JUAN MANUEL GARZON VIRACACHA,712020:84c2381e-0735-4ef1-8142-125bf6cf90b5,JUAN MANUEL GARZON VIRACACHA,712020:84c2381e-0735-4ef1-8142-125bf6cf90b5,JUAN MANUEL GARZON VIRACACHA,712020:84c2381e-0735-4ef1-8142-125bf6cf90b5,24/sep/26 4:54 PM,24/sep/26 11:16 PM,,,,0,"Construir manualmente en [draw.io|https://draw.io/] el diagrama de componentes general del sistema: Frontend React, Backend Spring Boot, Base de datos PostgreSQL/MongoDB, servicios externos (Mapbox, FCM). Mostrar las dependencias y protocolos de comunicación entre ellos. Prohibido diagramas autogenerados o Mermaid.",,JUAN MANUEL GARZON VIRACACHA,,712020:84c2381e-0735-4ef1-8142-125bf6cf90b5,,,,,,,,,,,,,,,,,,,,,,OC-2,,,,,,,,,,,,,,,0|i0004u:,,,Sprint 2 - OllaCercana,1.0,,,{},,Por hacer,24/sep/26 4:54 PM,10031,OC-1,EPIC-01: OllaCercana
TASK-17 GlobalExceptionHandler + excepciones tipadas,OC-54,10084,Tarea,Por hacer,OC,OllaCercana,software,DANIEL CAMILO MOSQUERA MARTINEZ,712020:e4492493-613d-4cf0-aa7f-038185bba789,,Medium,,JUAN MANUEL GARZON VIRACACHA,712020:84c2381e-0735-4ef1-8142-125bf6cf90b5,JUAN MANUEL GARZON VIRACACHA,712020:84c2381e-0735-4ef1-8142-125bf6cf90b5,JUAN MANUEL GARZON VIRACACHA,712020:84c2381e-0735-4ef1-8142-125bf6cf90b5,24/sep/26 4:54 PM,24/sep/26 11:16 PM,,,,0,"Implementar @RestControllerAdvice con handlers para RecursoNoEncontradoException (404), ConflictoException (409), EstadoInvalidoException y ReglaDeNegocioException (422), MethodArgumentNotValidException (400) y Exception genérico (500). Todas las respuestas usan ErrorResponseDTO uniforme con código, mensaje y timestamp.",,JUAN MANUEL GARZON VIRACACHA,,712020:84c2381e-0735-4ef1-8142-125bf6cf90b5,,,,,,,,,,,,,,,,,,,,,,OC-2,,,,,,,,,,,,,,,0|i00052:,,,Sprint 2 - OllaCercana,3.0,,,{},,Por hacer,24/sep/26 4:54 PM,10031,OC-1,EPIC-01: OllaCercana
TASK-18 Logging estructurado con SLF4J,OC-55,10085,Tarea,Por hacer,OC,OllaCercana,software,DANIEL CAMILO MOSQUERA MARTINEZ,712020:e4492493-613d-4cf0-aa7f-038185bba789,,Medium,,JUAN MANUEL GARZON VIRACACHA,712020:84c2381e-0735-4ef1-8142-125bf6cf90b5,JUAN MANUEL GARZON VIRACACHA,712020:84c2381e-0735-4ef1-8142-125bf6cf90b5,JUAN MANUEL GARZON VIRACACHA,712020:84c2381e-0735-4ef1-8142-125bf6cf90b5,24/sep/26 4:54 PM,24/sep/26 11:16 PM,,,,0,"{{@Slf4j}} en todos los Services. INFO, WARN, ERROR con contexto. Sin {{System.out.println}}.",,JUAN MANUEL GARZON VIRACACHA,,712020:84c2381e-0735-4ef1-8142-125bf6cf90b5,,,,,,,,,,,,,,,,,,,,,,OC-2,,,,,,,,,,,,,,,0|i0005a:,,,Sprint 2 - OllaCercana,3.0,,,{},,Por hacer,24/sep/26 4:54 PM,10031,OC-1,EPIC-01: OllaCercana
TASK-19 Actualizar documento de requerimientos,OC-56,10086,Tarea,Por hacer,OC,OllaCercana,software,DANIEL CAMILO MOSQUERA MARTINEZ,712020:e4492493-613d-4cf0-aa7f-038185bba789,,Medium,,JUAN MANUEL GARZON VIRACACHA,712020:84c2381e-0735-4ef1-8142-125bf6cf90b5,JUAN MANUEL GARZON VIRACACHA,712020:84c2381e-0735-4ef1-8142-125bf6cf90b5,JUAN MANUEL GARZON VIRACACHA,712020:84c2381e-0735-4ef1-8142-125bf6cf90b5,24/sep/26 4:54 PM,24/sep/26 11:16 PM,,,,0,Actualizar el documento de análisis de requerimientos con las HU-23 y HU-24 del Sprint 2. Incluir la corrección de RN-09 (umbral mínimo de 5 reseñas para pausar por baja reputación) y RN-10 (las Cocineras Destacadas aparecen primero pero sin ignorar distancia ni disponibilidad).,,JUAN MANUEL GARZON VIRACACHA,,712020:84c2381e-0735-4ef1-8142-125bf6cf90b5,,,,,,,,,,,,,,,,,,,,,,OC-3,,,,,,,,,,,,,,,0|i0005i:,,,Sprint 2 - OllaCercana,2.0,,,{},,Por hacer,24/sep/26 4:54 PM,10031,OC-1,EPIC-01: OllaCercana
TASK-20 Actualizar Diagrama de Casos de Uso,OC-57,10087,Tarea,Por hacer,OC,OllaCercana,software,DANIEL CAMILO MOSQUERA MARTINEZ,712020:e4492493-613d-4cf0-aa7f-038185bba789,,Medium,,JUAN MANUEL GARZON VIRACACHA,712020:84c2381e-0735-4ef1-8142-125bf6cf90b5,JUAN MANUEL GARZON VIRACACHA,712020:84c2381e-0735-4ef1-8142-125bf6cf90b5,JUAN MANUEL GARZON VIRACACHA,712020:84c2381e-0735-4ef1-8142-125bf6cf90b5,24/sep/26 4:56 PM,24/sep/26 11:16 PM,,,,0,"Actualizar el diagrama de casos de uso para incluir el caso de uso 'Confirmar entrega y cerrar transacción' (HU-23) y 'Actualizar disponibilidad de porciones' (HU-24). Verificar que el diagrama refleje los tres actores (Comprador, Cocinera, Administrador) y los flujos de sus HUs.",,JUAN MANUEL GARZON VIRACACHA,,712020:84c2381e-0735-4ef1-8142-125bf6cf90b5,,,,,,,,,,OC-3,,,,,,,,,,,,,,,,,,,,,,,,,,,0|i0005q:,,,Sprint 2 - OllaCercana,1.0,,,{},,Por hacer,24/sep/26 4:56 PM,10031,OC-1,EPIC-01: OllaCercana
TASK-21 Actualizar Mockup,OC-58,10088,Tarea,Por hacer,OC,OllaCercana,software,DANIEL CAMILO MOSQUERA MARTINEZ,712020:e4492493-613d-4cf0-aa7f-038185bba789,,Medium,,KEVIN ANDREY ANGEL ACEVEDO,712020:65526efc-d88c-48f5-8803-19c44f616933,JUAN MANUEL GARZON VIRACACHA,712020:84c2381e-0735-4ef1-8142-125bf6cf90b5,JUAN MANUEL GARZON VIRACACHA,712020:84c2381e-0735-4ef1-8142-125bf6cf90b5,24/sep/26 4:58 PM,25/sep/26 12:03 AM,25/sep/26 5:44 PM,,,0,"* 🖱️ Revisan el prototipo funcional en Figma — validan que cumpla con el análisis de requerimientos

* 🗺️ Mapean cada flujo funcional por rol — un flujo por cada actor del proyecto

* ✅ Verifican el happy path y el flujo de error de cada pantalla — formularios con validación visible y mensajes claros

* 📝 Actualizan el README del frontend — participantes, contexto, logotipo, manual de identidad, link a Figma y descripción de módulos con capturas
* 📱 Validan que el diseño sea responsive — se ve y funciona bien en móvil y en desktop

""Actualizar los mockups en Figma con las correcciones del Sprint 1: completar flujo del rol Administrador, agregar estados de error y empty states en cada formulario y listado, corregir navegación sin salidas rotas, y asegurar consistencia con el manual de identidad.""",,JUAN MANUEL GARZON VIRACACHA,,712020:84c2381e-0735-4ef1-8142-125bf6cf90b5,,,,,,,,,,,,,,,,,,,,,,OC-3,,,,,,,,,,,,,,,0|i0005y:,,,Sprint 2 - OllaCercana,2.0,,,{},,Por hacer,24/sep/26 4:58 PM,10031,OC-1,EPIC-01: OllaCercana
Crear entidad Cuenta + Identidad + Credenciales (JPA/Mongo) [Backend],OC-59,10089,Subtask,Listo,OC,OllaCercana,software,DANIEL CAMILO MOSQUERA MARTINEZ,712020:e4492493-613d-4cf0-aa7f-038185bba789,,Medium,Listo,DANIEL CAMILO MOSQUERA MARTINEZ,712020:e4492493-613d-4cf0-aa7f-038185bba789,JUAN MANUEL GARZON VIRACACHA,712020:84c2381e-0735-4ef1-8142-125bf6cf90b5,JUAN MANUEL GARZON VIRACACHA,712020:84c2381e-0735-4ef1-8142-125bf6cf90b5,24/sep/26 5:46 PM,26/sep/26 3:12 PM,,26/sep/26 12:24 PM,,0,"Descripción: Crear las entidades Cuenta, Identidad y Credenciales en {{model/entity/}}. Incluir las anotaciones de persistencia según la decisión tomada en TASK-13. Cuenta tiene {{id}}, {{identidad}}, {{credenciales}}, {{estado}}, {{roles}}, {{fechaRegistro}}. Identidad es un {{@Embeddable}} o documento embebido con nombre, correo, celular, fotoUrl. Credenciales contiene contraseñaHash, tokenFCM y celularVerificado.
Done: las tablas/colecciones se crean al levantar la app. Captura de pgAdmin/Compass.",,JUAN MANUEL GARZON VIRACACHA,,712020:84c2381e-0735-4ef1-8142-125bf6cf90b5,,,,,,,,,,,,,,,,,,,,,,,,,,,,,,,,,,26/sep/26 3:12 PM;7ba01ba8-e44e-4016-a5ea-019c8bc81dce;EvidenciaOC59Tablas.png;https://mail-team-lu7li63q.atlassian.net/rest/api/3/attachment/content/10002,,,0|i00066:,,,Sprint 2 - OllaCercana,,,,{},,Listo,26/sep/26 12:24 PM,10047,OC-17,HU-01: Registro de Cuenta en la Plataforma
Crear DTO RegistroRequest + RegistroResponse con Bean Validation [Backend],OC-60,10090,Subtask,Listo,OC,OllaCercana,software,DANIEL CAMILO MOSQUERA MARTINEZ,712020:e4492493-613d-4cf0-aa7f-038185bba789,,Medium,Listo,DANIEL CAMILO MOSQUERA MARTINEZ,712020:e4492493-613d-4cf0-aa7f-038185bba789,JUAN MANUEL GARZON VIRACACHA,712020:84c2381e-0735-4ef1-8142-125bf6cf90b5,JUAN MANUEL GARZON VIRACACHA,712020:84c2381e-0735-4ef1-8142-125bf6cf90b5,24/sep/26 5:47 PM,26/sep/26 3:12 PM,,26/sep/26 12:25 PM,,0,"Descripción: Crear {{RegistroRequestDTO}} con {{@NotBlank}} en nombre, correo, celular y contraseña; {{@Email}} en correo; {{@Pattern}} en celular (10 dígitos que inician en 3); {{@Size(min=8)}} en contraseña. Crear {{RegistroResponseDTO}} con id, correo, rol y estado. Viven en {{model/dto/request/}} y {{model/dto/response/}}.
Done: Swagger muestra el schema de ambos DTOs. Un POST con datos inválidos retorna 400 con mensaje por campo.",,JUAN MANUEL GARZON VIRACACHA,,712020:84c2381e-0735-4ef1-8142-125bf6cf90b5,,,,,,,,,,,,,,,,,,,,,,,,,,,,,,,,,,26/sep/26 3:12 PM;7ba01ba8-e44e-4016-a5ea-019c8bc81dce;EvidenciaOC60DTO.png;https://mail-team-lu7li63q.atlassian.net/rest/api/3/attachment/content/10004,26/sep/26 3:12 PM;7ba01ba8-e44e-4016-a5ea-019c8bc81dce;EvidenciaOC60HTTP400-Correo.png;https://mail-team-lu7li63q.atlassian.net/rest/api/3/attachment/content/10003,26/sep/26 3:12 PM;7ba01ba8-e44e-4016-a5ea-019c8bc81dce;EvidenciaOC60HTTP400-Telefono.png;https://mail-team-lu7li63q.atlassian.net/rest/api/3/attachment/content/10005,0|i0006e:,,,Sprint 2 - OllaCercana,,,,{},,Listo,26/sep/26 12:25 PM,10047,OC-17,HU-01: Registro de Cuenta en la Plataforma
Crear CuentaMapper + CuentaEntityMapper (MapStruct) [Backend],OC-61,10091,Subtask,Listo,OC,OllaCercana,software,DANIEL CAMILO MOSQUERA MARTINEZ,712020:e4492493-613d-4cf0-aa7f-038185bba789,,Medium,Listo,DANIEL CAMILO MOSQUERA MARTINEZ,712020:e4492493-613d-4cf0-aa7f-038185bba789,JUAN MANUEL GARZON VIRACACHA,712020:84c2381e-0735-4ef1-8142-125bf6cf90b5,JUAN MANUEL GARZON VIRACACHA,712020:84c2381e-0735-4ef1-8142-125bf6cf90b5,24/sep/26 5:47 PM,26/sep/26 3:12 PM,,26/sep/26 12:25 PM,,0,"Descripción: Crear {{CuentaMapper}} (RequestDTO ↔ Dominio, Dominio → ResponseDTO) y {{CuentaEntityMapper}} (Dominio ↔ Entity). Ambos con {{@Mapper(componentModel=""spring"")}}. Sin lógica manual.
Done: el proyecto compila con MapStruct generando las implementaciones. Captura de {{target/generated-sources}}.",,JUAN MANUEL GARZON VIRACACHA,,712020:84c2381e-0735-4ef1-8142-125bf6cf90b5,,,,,,,,,,,,,,,,,,,,,,,,,,,,,,,,,,26/sep/26 3:12 PM;7ba01ba8-e44e-4016-a5ea-019c8bc81dce;EvidenciaOC61Impl.png;https://mail-team-lu7li63q.atlassian.net/rest/api/3/attachment/content/10006,,,0|i0006m:,,,Sprint 2 - OllaCercana,,,,{},,Listo,26/sep/26 12:25 PM,10047,OC-17,HU-01: Registro de Cuenta en la Plataforma
Crear CuentaRepository con existsByCorreo y existsByCelular [Backend],OC-62,10092,Subtask,Listo,OC,OllaCercana,software,DANIEL CAMILO MOSQUERA MARTINEZ,712020:e4492493-613d-4cf0-aa7f-038185bba789,,Medium,Listo,DANIEL CAMILO MOSQUERA MARTINEZ,712020:e4492493-613d-4cf0-aa7f-038185bba789,JUAN MANUEL GARZON VIRACACHA,712020:84c2381e-0735-4ef1-8142-125bf6cf90b5,JUAN MANUEL GARZON VIRACACHA,712020:84c2381e-0735-4ef1-8142-125bf6cf90b5,24/sep/26 5:47 PM,26/sep/26 3:13 PM,,26/sep/26 12:25 PM,,0,"Descripción: Extender {{JpaRepository}} o {{MongoRepository}}. Agregar métodos derivados {{existsByCorreo(String)}}, {{existsByCelular(String)}} y {{findByCorreo(String)}}. El Validator los usa para verificar unicidad sin traer toda la colección.
Done: el método retorna {{true}} para correo existente y {{false}} para correo nuevo. Captura de una consulta en Swagger o Postman.",,JUAN MANUEL GARZON VIRACACHA,,712020:84c2381e-0735-4ef1-8142-125bf6cf90b5,,,,,,,,,,,,,,,,,,,,,,,,,,,,,,,,,,26/sep/26 3:13 PM;7ba01ba8-e44e-4016-a5ea-019c8bc81dce;EvidenciaOC62HTTP201.png;https://mail-team-lu7li63q.atlassian.net/rest/api/3/attachment/content/10007,26/sep/26 3:13 PM;7ba01ba8-e44e-4016-a5ea-019c8bc81dce;EvidenciaOC62HTTP409.png;https://mail-team-lu7li63q.atlassian.net/rest/api/3/attachment/content/10008,,0|i0006u:,,,Sprint 2 - OllaCercana,,,,{},,Listo,26/sep/26 12:25 PM,10047,OC-17,HU-01: Registro de Cuenta en la Plataforma
"Crear CuentaValidator (correo único, celular único, contraseña válida) [Backend]",OC-63,10093,Subtask,Listo,OC,OllaCercana,software,DANIEL CAMILO MOSQUERA MARTINEZ,712020:e4492493-613d-4cf0-aa7f-038185bba789,,Medium,Listo,DANIEL CAMILO MOSQUERA MARTINEZ,712020:e4492493-613d-4cf0-aa7f-038185bba789,JUAN MANUEL GARZON VIRACACHA,712020:84c2381e-0735-4ef1-8142-125bf6cf90b5,JUAN MANUEL GARZON VIRACACHA,712020:84c2381e-0735-4ef1-8142-125bf6cf90b5,24/sep/26 5:48 PM,26/sep/26 3:13 PM,,26/sep/26 12:25 PM,,0,"Descripción: Crear {{ICuentaValidator}} y {{CuentaValidator}} ({{@Component}}). Métodos: {{validarCorreoUnico(correo)}}, {{validarCelularUnico(celular)}}, {{validarPasswordSegura(password)}}. Cada método lanza {{ConflictoException}} (409) o {{ReglaDeNegocioException}} (422) según corresponda. Inyecta el Repository.
Done: los intentos con correo duplicado retornan 409 con mensaje claro. Captura del ErrorResponseDTO.",,JUAN MANUEL GARZON VIRACACHA,,712020:84c2381e-0735-4ef1-8142-125bf6cf90b5,,,,,,,,,,,,,,,,,,,,,,,,,,,,,,,,,,26/sep/26 3:13 PM;7ba01ba8-e44e-4016-a5ea-019c8bc81dce;EvidenciaOC63HTTP409-Correo.png;https://mail-team-lu7li63q.atlassian.net/rest/api/3/attachment/content/10009,26/sep/26 3:13 PM;7ba01ba8-e44e-4016-a5ea-019c8bc81dce;EvidenciaOC63HTTP409-Telefono.png;https://mail-team-lu7li63q.atlassian.net/rest/api/3/attachment/content/10010,,0|i00072:,,,Sprint 2 - OllaCercana,,,,{},,Listo,26/sep/26 12:25 PM,10047,OC-17,HU-01: Registro de Cuenta en la Plataforma
Crear CuentaService + CuentaServiceImpl con BCrypt,OC-64,10094,Subtask,Listo,OC,OllaCercana,software,DANIEL CAMILO MOSQUERA MARTINEZ,712020:e4492493-613d-4cf0-aa7f-038185bba789,,Medium,Listo,DANIEL CAMILO MOSQUERA MARTINEZ,712020:e4492493-613d-4cf0-aa7f-038185bba789,JUAN MANUEL GARZON VIRACACHA,712020:84c2381e-0735-4ef1-8142-125bf6cf90b5,JUAN MANUEL GARZON VIRACACHA,712020:84c2381e-0735-4ef1-8142-125bf6cf90b5,24/sep/26 5:49 PM,26/sep/26 3:13 PM,,26/sep/26 12:25 PM,,0,"Descripción: Crear {{ICuentaService}} (interfaz con métodos del dominio) y {{CuentaServiceImpl}} ({{@Service}}, {{@Slf4j}}, {{@RequiredArgsConstructor}}). Método {{registrar(Cuenta)}}: valida, hashea la contraseña con BCrypt, guarda y retorna el dominio. Inyecta Repository, EntityMapper y Validator. Nunca recibe ni devuelve DTOs.
Done: prueba que crea una cuenta y verifica que la contraseña está hasheada en la BD. Captura del resultado.

Nota: BCrypt “Esto _no entra_ al Sprint 2 — es para que empiecen a pensar.“",,JUAN MANUEL GARZON VIRACACHA,,712020:84c2381e-0735-4ef1-8142-125bf6cf90b5,,,,,,,,,,,,,,,,,,,,,,,,,,,,,,,,,,26/sep/26 3:13 PM;7ba01ba8-e44e-4016-a5ea-019c8bc81dce;EvidenciaOC64PASSWORD.png;https://mail-team-lu7li63q.atlassian.net/rest/api/3/attachment/content/10011,,,0|i0007a:,,,Sprint 2 - OllaCercana,,,,{},,Listo,26/sep/26 12:25 PM,10047,OC-17,HU-01: Registro de Cuenta en la Plataforma
Crear CuentaController + CuentaApi (Swagger) [Backend],OC-65,10095,Subtask,Listo,OC,OllaCercana,software,DANIEL CAMILO MOSQUERA MARTINEZ,712020:e4492493-613d-4cf0-aa7f-038185bba789,,Medium,Listo,DANIEL CAMILO MOSQUERA MARTINEZ,712020:e4492493-613d-4cf0-aa7f-038185bba789,JUAN MANUEL GARZON VIRACACHA,712020:84c2381e-0735-4ef1-8142-125bf6cf90b5,JUAN MANUEL GARZON VIRACACHA,712020:84c2381e-0735-4ef1-8142-125bf6cf90b5,24/sep/26 5:50 PM,26/sep/26 3:13 PM,,26/sep/26 12:25 PM,,0,"Descripción: Crear {{CuentaApi}} en {{controller/docs/}} con {{@Tag}}, {{@Operation}} y {{@ApiResponses}}. Crear {{CuentaController}} que implementa {{CuentaApi}}, con {{@RestController}} y {{@RequestMapping(""/api/v1/cuentas"")}}. Método {{POST /api/v1/cuentas}} que recibe {{@RequestBody @Valid RegistroRequestDTO}} y retorna 201.
Done: el endpoint aparece en Swagger UI. Captura del POST exitoso y de un caso de error 409.",,JUAN MANUEL GARZON VIRACACHA,,712020:84c2381e-0735-4ef1-8142-125bf6cf90b5,,,,,,,,,,,,,,,,,,,,,,,,,,,,,,,,,,26/sep/26 3:13 PM;7ba01ba8-e44e-4016-a5ea-019c8bc81dce;EvidenciaOC62HTTP201.png;https://mail-team-lu7li63q.atlassian.net/rest/api/3/attachment/content/10012,,,0|i0007i:,,,Sprint 2 - OllaCercana,,,,{},,Listo,26/sep/26 12:25 PM,10047,OC-17,HU-01: Registro de Cuenta en la Plataforma
Pruebas unitarias CuentaServiceImplTest (5 escenarios) [Backend],OC-66,10096,Subtask,Listo,OC,OllaCercana,software,DANIEL CAMILO MOSQUERA MARTINEZ,712020:e4492493-613d-4cf0-aa7f-038185bba789,,Medium,Listo,DANIEL CAMILO MOSQUERA MARTINEZ,712020:e4492493-613d-4cf0-aa7f-038185bba789,JUAN MANUEL GARZON VIRACACHA,712020:84c2381e-0735-4ef1-8142-125bf6cf90b5,JUAN MANUEL GARZON VIRACACHA,712020:84c2381e-0735-4ef1-8142-125bf6cf90b5,24/sep/26 5:50 PM,26/sep/26 3:14 PM,,26/sep/26 12:25 PM,,0,"Descripción: Cubrir {{registrar()}} con {{@ExtendWith(MockitoExtension)}}, {{@Mock}} para Validator y Repository, {{@InjectMocks}} para el Service. Escenarios: happy path, correo duplicado (409), celular duplicado (409), contraseña inválida (422), y error inesperado (500).
Done: {{mvn test}} pasa sin errores. Captura del reporte con los 5 tests en verde.",,JUAN MANUEL GARZON VIRACACHA,,712020:84c2381e-0735-4ef1-8142-125bf6cf90b5,,,,,,,,,,,,,,,,,,,,,,,,,,,,,,,,,,26/sep/26 3:14 PM;7ba01ba8-e44e-4016-a5ea-019c8bc81dce;EvidenciaOC66Tests.png;https://mail-team-lu7li63q.atlassian.net/rest/api/3/attachment/content/10013,,,0|i0007q:,,,Sprint 2 - OllaCercana,,,,{},,Listo,26/sep/26 12:25 PM,10047,OC-17,HU-01: Registro de Cuenta en la Plataforma
Maquetar pantalla Registro en React (formulario + selector de rol) [FrontEnd],OC-67,10097,Subtask,Por hacer,OC,OllaCercana,software,DANIEL CAMILO MOSQUERA MARTINEZ,712020:e4492493-613d-4cf0-aa7f-038185bba789,,Medium,,KEVIN ANDREY ANGEL ACEVEDO,712020:65526efc-d88c-48f5-8803-19c44f616933,JUAN MANUEL GARZON VIRACACHA,712020:84c2381e-0735-4ef1-8142-125bf6cf90b5,JUAN MANUEL GARZON VIRACACHA,712020:84c2381e-0735-4ef1-8142-125bf6cf90b5,24/sep/26 5:51 PM,24/sep/26 11:50 PM,25/sep/26 5:44 PM,,,0,"Descripción: Crear el componente de la pantalla de registro con los campos: nombre, correo, celular, contraseña, confirmación, selector de rol (Comprador/Cocinera) y checkbox de términos. Solo maquetación, sin lógica de envío.
Done: el formulario se ve en el navegador con todos los campos. Captura del mockup en la pantalla.",,JUAN MANUEL GARZON VIRACACHA,,712020:84c2381e-0735-4ef1-8142-125bf6cf90b5,,,,,,,,,,,,,,,,,,,,,,,,,,,,,,,,,,,,,0|i0007y:,,,Sprint 2 - OllaCercana,,,,{},,Por hacer,24/sep/26 5:51 PM,10047,OC-17,HU-01: Registro de Cuenta en la Plataforma
Implementar validaciones de formulario en React [Frontend],OC-68,10098,Subtask,Por hacer,OC,OllaCercana,software,DANIEL CAMILO MOSQUERA MARTINEZ,712020:e4492493-613d-4cf0-aa7f-038185bba789,,Medium,,KEVIN ANDREY ANGEL ACEVEDO,712020:65526efc-d88c-48f5-8803-19c44f616933,JUAN MANUEL GARZON VIRACACHA,712020:84c2381e-0735-4ef1-8142-125bf6cf90b5,JUAN MANUEL GARZON VIRACACHA,712020:84c2381e-0735-4ef1-8142-125bf6cf90b5,24/sep/26 5:51 PM,24/sep/26 11:50 PM,25/sep/26 5:44 PM,,,0,"Descripción: Implementar validaciones del lado del cliente: campos obligatorios, formato de correo, celular de 10 dígitos que inicia en 3, contraseña con mayúscula/minúscula/número, y confirmación igual a contraseña. Mostrar mensajes junto a cada campo.
Done: el formulario muestra errores al enviar con datos inválidos. Captura con al menos 2 errores visibles.",,JUAN MANUEL GARZON VIRACACHA,,712020:84c2381e-0735-4ef1-8142-125bf6cf90b5,,,,,,,,,,,,,,,,,,,,,,,,,,,,,,,,,,,,,0|i00086:,,,Sprint 2 - OllaCercana,,,,{},,Por hacer,24/sep/26 5:51 PM,10047,OC-17,HU-01: Registro de Cuenta en la Plataforma
Crear DTO LoginRequest + LoginResponse [Backend],OC-69,10099,Subtask,Listo,OC,OllaCercana,software,DANIEL CAMILO MOSQUERA MARTINEZ,712020:e4492493-613d-4cf0-aa7f-038185bba789,,Medium,Listo,DANIEL CAMILO MOSQUERA MARTINEZ,712020:e4492493-613d-4cf0-aa7f-038185bba789,JUAN MANUEL GARZON VIRACACHA,712020:84c2381e-0735-4ef1-8142-125bf6cf90b5,JUAN MANUEL GARZON VIRACACHA,712020:84c2381e-0735-4ef1-8142-125bf6cf90b5,24/sep/26 5:52 PM,26/sep/26 3:38 PM,,26/sep/26 3:38 PM,,0,"Descripción: {{LoginRequestDTO}} con identificador (correo o celular) y contraseña. {{LoginResponseDTO}} con token (a completar en Sprint 3), datos básicos del usuario y su rol. Viven en {{model/dto/}}.
Done: Swagger muestra el schema. Un POST con cuerpo válido retorna un objeto con esos campos.",,JUAN MANUEL GARZON VIRACACHA,,712020:84c2381e-0735-4ef1-8142-125bf6cf90b5,,,,,,,,,,,,,,,,,,,,,,,,,,,,,,,,,,26/sep/26 3:38 PM;7ba01ba8-e44e-4016-a5ea-019c8bc81dce;EvidenciaOC69DTO.png;https://mail-team-lu7li63q.atlassian.net/rest/api/3/attachment/content/10014,,,0|i0008e:,,,Sprint 2 - OllaCercana,,,,{},,Listo,26/sep/26 3:38 PM,10048,OC-18,HU-02: Inicio de Sesión de Usuario
Crear método autenticar() en CuentaService [Backend],OC-70,10100,Subtask,Listo,OC,OllaCercana,software,DANIEL CAMILO MOSQUERA MARTINEZ,712020:e4492493-613d-4cf0-aa7f-038185bba789,,Medium,Listo,DANIEL CAMILO MOSQUERA MARTINEZ,712020:e4492493-613d-4cf0-aa7f-038185bba789,JUAN MANUEL GARZON VIRACACHA,712020:84c2381e-0735-4ef1-8142-125bf6cf90b5,JUAN MANUEL GARZON VIRACACHA,712020:84c2381e-0735-4ef1-8142-125bf6cf90b5,24/sep/26 5:52 PM,26/sep/26 3:39 PM,,26/sep/26 3:39 PM,,0,"Descripción: Agregar {{autenticar(identificador, password)}} a {{ICuentaService}}. Busca la cuenta por correo o celular, compara el hash con BCrypt y retorna el dominio. Si las credenciales no coinciden, lanza {{ConflictoException}} con mensaje genérico (sin revelar cuál dato falló).
Done: prueba unitaria que autentica con credenciales válidas y otra que rechaza con inválidas. Captura del test en verde.",,JUAN MANUEL GARZON VIRACACHA,,712020:84c2381e-0735-4ef1-8142-125bf6cf90b5,,,,,,,,,,,,,,,,,,,,,,,,,,,,,,,,,,26/sep/26 3:39 PM;7ba01ba8-e44e-4016-a5ea-019c8bc81dce;EvidenciaOC73Tests.png;https://mail-team-lu7li63q.atlassian.net/rest/api/3/attachment/content/10015,,,0|i0008m:,,,Sprint 2 - OllaCercana,,,,{},,Listo,26/sep/26 3:39 PM,10048,OC-18,HU-02: Inicio de Sesión de Usuario
Crear SesionController + SesionApi (Swagger) [Backend],OC-71,10101,Subtask,Listo,OC,OllaCercana,software,DANIEL CAMILO MOSQUERA MARTINEZ,712020:e4492493-613d-4cf0-aa7f-038185bba789,,Medium,Listo,DANIEL CAMILO MOSQUERA MARTINEZ,712020:e4492493-613d-4cf0-aa7f-038185bba789,JUAN MANUEL GARZON VIRACACHA,712020:84c2381e-0735-4ef1-8142-125bf6cf90b5,JUAN MANUEL GARZON VIRACACHA,712020:84c2381e-0735-4ef1-8142-125bf6cf90b5,24/sep/26 5:53 PM,26/sep/26 3:39 PM,,26/sep/26 3:39 PM,,0,"Descripción: {{SesionApi}} con {{@Tag}}, {{@Operation}} y {{@ApiResponses}}. {{SesionController}} con {{POST /api/v1/sesiones}}. Recibe {{LoginRequestDTO}} y retorna 200 con LoginResponseDTO. En Sprint 3 se completará con la emisión real del JWT.
Done: el endpoint aparece en Swagger y responde correctamente. Captura del POST.",,JUAN MANUEL GARZON VIRACACHA,,712020:84c2381e-0735-4ef1-8142-125bf6cf90b5,,,,,,,,,,,,,,,,,,,,,,,,,,,,,,,,,,26/sep/26 3:39 PM;7ba01ba8-e44e-4016-a5ea-019c8bc81dce;EvidenciaOC69DTO.png;https://mail-team-lu7li63q.atlassian.net/rest/api/3/attachment/content/10016,,,0|i0008u:,,,Sprint 2 - OllaCercana,,,,{},,Listo,26/sep/26 3:39 PM,10048,OC-18,HU-02: Inicio de Sesión de Usuario
Estructura base del JWT (a completar en Sprint 3) [Backend],OC-72,10102,Subtask,Listo,OC,OllaCercana,software,DANIEL CAMILO MOSQUERA MARTINEZ,712020:e4492493-613d-4cf0-aa7f-038185bba789,,Medium,Listo,DANIEL CAMILO MOSQUERA MARTINEZ,712020:e4492493-613d-4cf0-aa7f-038185bba789,JUAN MANUEL GARZON VIRACACHA,712020:84c2381e-0735-4ef1-8142-125bf6cf90b5,JUAN MANUEL GARZON VIRACACHA,712020:84c2381e-0735-4ef1-8142-125bf6cf90b5,24/sep/26 5:53 PM,26/sep/26 3:39 PM,,26/sep/26 3:39 PM,,0,"Descripción: Crear el paquete {{security/}} y las clases {{JwtService}} y {{JwtAuthenticationFilter}} con estructura vacía. Dejar los métodos {{generarToken()}} y {{validarToken()}} declarados sin implementación completa. La implementación real se hace en Sprint 3.
Done: el proyecto compila con las clases creadas y la estructura documentada en el README como ""pendiente Sprint 3"".",,JUAN MANUEL GARZON VIRACACHA,,712020:84c2381e-0735-4ef1-8142-125bf6cf90b5,,,,,,,,,,,,,,,,,,,,,,,,,,,,,,,,,,26/sep/26 3:39 PM;7ba01ba8-e44e-4016-a5ea-019c8bc81dce;EvidenciaOC72Jwt.png;https://mail-team-lu7li63q.atlassian.net/rest/api/3/attachment/content/10017,,,0|i00092:,,,Sprint 2 - OllaCercana,,,,{},,Listo,26/sep/26 3:39 PM,10048,OC-18,HU-02: Inicio de Sesión de Usuario
Pruebas unitarias SesionServiceImplTest [Backend],OC-73,10103,Subtask,Listo,OC,OllaCercana,software,DANIEL CAMILO MOSQUERA MARTINEZ,712020:e4492493-613d-4cf0-aa7f-038185bba789,,Medium,Listo,DANIEL CAMILO MOSQUERA MARTINEZ,712020:e4492493-613d-4cf0-aa7f-038185bba789,JUAN MANUEL GARZON VIRACACHA,712020:84c2381e-0735-4ef1-8142-125bf6cf90b5,JUAN MANUEL GARZON VIRACACHA,712020:84c2381e-0735-4ef1-8142-125bf6cf90b5,24/sep/26 5:53 PM,26/sep/26 3:39 PM,,26/sep/26 3:39 PM,,0,"Descripción: Cubrir {{autenticar()}}: credenciales válidas, contraseña incorrecta (409 genérico), identificador inexistente (409 genérico), y cuenta bloqueada (si aplica).
Done: {{mvn test}} pasa. Captura del reporte.",,JUAN MANUEL GARZON VIRACACHA,,712020:84c2381e-0735-4ef1-8142-125bf6cf90b5,,,,,,,,,,,,,,,,,,,,,,,,,,,,,,,,,,26/sep/26 3:39 PM;7ba01ba8-e44e-4016-a5ea-019c8bc81dce;EvidenciaOC73Tests.png;https://mail-team-lu7li63q.atlassian.net/rest/api/3/attachment/content/10018,,,0|i0009a:,,,Sprint 2 - OllaCercana,,,,{},,Listo,26/sep/26 3:39 PM,10048,OC-18,HU-02: Inicio de Sesión de Usuario
Maquetar pantalla Login en React [Frontend],OC-74,10104,Subtask,Por hacer,OC,OllaCercana,software,DANIEL CAMILO MOSQUERA MARTINEZ,712020:e4492493-613d-4cf0-aa7f-038185bba789,,Medium,,KEVIN ANDREY ANGEL ACEVEDO,712020:65526efc-d88c-48f5-8803-19c44f616933,JUAN MANUEL GARZON VIRACACHA,712020:84c2381e-0735-4ef1-8142-125bf6cf90b5,JUAN MANUEL GARZON VIRACACHA,712020:84c2381e-0735-4ef1-8142-125bf6cf90b5,24/sep/26 5:54 PM,24/sep/26 11:52 PM,25/sep/26 5:44 PM,,,0,"Descripción: Crear el componente de login con campos identificador y contraseña, checkbox ""Recordar sesión"" y enlaces a ""Registrarme"" y ""¿Olvidaste tu contraseña?"". Solo maquetación.
Done: el formulario se ve en el navegador. Captura.",,JUAN MANUEL GARZON VIRACACHA,,712020:84c2381e-0735-4ef1-8142-125bf6cf90b5,,,,,,,,,,,,,,,,,,,,,,,,,,,,,,,,,,,,,0|i0009i:,,,Sprint 2 - OllaCercana,,,,{},,Por hacer,24/sep/26 5:54 PM,10048,OC-18,HU-02: Inicio de Sesión de Usuario
"Implementar manejo de ""recordar sesión"" [Frontend]",OC-75,10105,Subtask,Por hacer,OC,OllaCercana,software,DANIEL CAMILO MOSQUERA MARTINEZ,712020:e4492493-613d-4cf0-aa7f-038185bba789,,Medium,,KEVIN ANDREY ANGEL ACEVEDO,712020:65526efc-d88c-48f5-8803-19c44f616933,JUAN MANUEL GARZON VIRACACHA,712020:84c2381e-0735-4ef1-8142-125bf6cf90b5,JUAN MANUEL GARZON VIRACACHA,712020:84c2381e-0735-4ef1-8142-125bf6cf90b5,24/sep/26 5:55 PM,24/sep/26 11:52 PM,,,,0,"Descripción: Si el checkbox está marcado, guardar el identificador en {{localStorage}} y precargarlo la próxima vez. No guardar la contraseña.
Done: al recargar la página, el identificador sigue ahí. Captura.",,JUAN MANUEL GARZON VIRACACHA,,712020:84c2381e-0735-4ef1-8142-125bf6cf90b5,,,,,,,,,,,,,,,,,,,,,,,,,,,,,,,,,,,,,0|i0009q:,,,Sprint 2 - OllaCercana,,,,{},,Por hacer,24/sep/26 5:55 PM,10048,OC-18,HU-02: Inicio de Sesión de Usuario
Manejo de errores 400/409 en el formulario [Frontend],OC-76,10106,Subtask,Por hacer,OC,OllaCercana,software,DANIEL CAMILO MOSQUERA MARTINEZ,712020:e4492493-613d-4cf0-aa7f-038185bba789,,Medium,,KEVIN ANDREY ANGEL ACEVEDO,712020:65526efc-d88c-48f5-8803-19c44f616933,JUAN MANUEL GARZON VIRACACHA,712020:84c2381e-0735-4ef1-8142-125bf6cf90b5,JUAN MANUEL GARZON VIRACACHA,712020:84c2381e-0735-4ef1-8142-125bf6cf90b5,24/sep/26 5:55 PM,24/sep/26 11:50 PM,,,,0,"Descripción: Al enviar el formulario, capturar la respuesta del backend. Si es 400 (validación) o 409 (correo/celular duplicado), mostrar el mensaje del ErrorResponseDTO del backend. No inventar mensajes: usar el que devuelve la API.
Done: al registrar un correo existente, se muestra el mensaje que envía el backend. Captura del formulario con ese error.",,JUAN MANUEL GARZON VIRACACHA,,712020:84c2381e-0735-4ef1-8142-125bf6cf90b5,,,,,,,,,,,,,,,,,,,,,,,,,,,,,,,,,,,,,0|i0009y:,,,Sprint 2 - OllaCercana,,,,{},,Por hacer,24/sep/26 5:55 PM,10047,OC-17,HU-01: Registro de Cuenta en la Plataforma
Crear entidad PerfilCocinera [Backend],OC-77,10107,Subtask,En curso,OC,OllaCercana,software,DANIEL CAMILO MOSQUERA MARTINEZ,712020:e4492493-613d-4cf0-aa7f-038185bba789,,Medium,,DANIEL CAMILO MOSQUERA MARTINEZ,712020:e4492493-613d-4cf0-aa7f-038185bba789,JUAN MANUEL GARZON VIRACACHA,712020:84c2381e-0735-4ef1-8142-125bf6cf90b5,JUAN MANUEL GARZON VIRACACHA,712020:84c2381e-0735-4ef1-8142-125bf6cf90b5,24/sep/26 5:56 PM,26/sep/26 3:39 PM,,,,0,"Descripción: Crear {{PerfilCocinera}} en {{model/entity/}}. Campos: presentación, especialidades, mediosPago, numeroNequi, numeroDaviplata, promedioCalificacion, resenasPositivas, esDestacada. Relación 1:1 con Cuenta.
Done: la tabla/colección se crea al levantar la app. Captura.",,JUAN MANUEL GARZON VIRACACHA,,712020:84c2381e-0735-4ef1-8142-125bf6cf90b5,,,,,,,,,,,,,,,,,,,,,,,,,,,,,,,,,,,,,0|i000a6:,,,Sprint 2 - OllaCercana,,,,{},,En curso,26/sep/26 3:39 PM,10049,OC-19,HU-03: Configuración de Perfil de Cocinera y Conjunto Residencial
Crear DTO PerfilCocineraRequest + Response [Backend],OC-78,10108,Subtask,En curso,OC,OllaCercana,software,DANIEL CAMILO MOSQUERA MARTINEZ,712020:e4492493-613d-4cf0-aa7f-038185bba789,,Medium,,DANIEL CAMILO MOSQUERA MARTINEZ,712020:e4492493-613d-4cf0-aa7f-038185bba789,JUAN MANUEL GARZON VIRACACHA,712020:84c2381e-0735-4ef1-8142-125bf6cf90b5,JUAN MANUEL GARZON VIRACACHA,712020:84c2381e-0735-4ef1-8142-125bf6cf90b5,24/sep/26 5:56 PM,26/sep/26 3:39 PM,,,,0,"Descripción: {{PerfilCocineraRequestDTO}} con presentación, especialidades (máx 5), mediosPago y números de billetera. {{PerfilCocineraResponseDTO}} con los datos públicos sin exponer el número de celular.
Done: Swagger muestra los schemas. Captura.",,JUAN MANUEL GARZON VIRACACHA,,712020:84c2381e-0735-4ef1-8142-125bf6cf90b5,,,,,,,,,,,,,,,,,,,,,,,,,,,,,,,,,,,,,0|i000ae:,,,Sprint 2 - OllaCercana,,,,{},,En curso,26/sep/26 3:39 PM,10049,OC-19,HU-03: Configuración de Perfil de Cocinera y Conjunto Residencial
Crear PerfilCocineraMapper + EntityMapper [Backend],OC-79,10109,Subtask,En curso,OC,OllaCercana,software,DANIEL CAMILO MOSQUERA MARTINEZ,712020:e4492493-613d-4cf0-aa7f-038185bba789,,Medium,,DANIEL CAMILO MOSQUERA MARTINEZ,712020:e4492493-613d-4cf0-aa7f-038185bba789,JUAN MANUEL GARZON VIRACACHA,712020:84c2381e-0735-4ef1-8142-125bf6cf90b5,JUAN MANUEL GARZON VIRACACHA,712020:84c2381e-0735-4ef1-8142-125bf6cf90b5,24/sep/26 5:56 PM,26/sep/26 3:40 PM,,,,0,"Descripción: Crear ambos mappers con MapStruct. Sin lógica manual.
Done: el proyecto compila con las clases generadas. Captura.",,JUAN MANUEL GARZON VIRACACHA,,712020:84c2381e-0735-4ef1-8142-125bf6cf90b5,,,,,,,,,,,,,,,,,,,,,,,,,,,,,,,,,,,,,0|i000am:,,,Sprint 2 - OllaCercana,,,,{},,En curso,26/sep/26 3:40 PM,10049,OC-19,HU-03: Configuración de Perfil de Cocinera y Conjunto Residencial
Crear PerfilCocineraRepository [Backend],OC-80,10110,Subtask,En curso,OC,OllaCercana,software,DANIEL CAMILO MOSQUERA MARTINEZ,712020:e4492493-613d-4cf0-aa7f-038185bba789,,Medium,,DANIEL CAMILO MOSQUERA MARTINEZ,712020:e4492493-613d-4cf0-aa7f-038185bba789,JUAN MANUEL GARZON VIRACACHA,712020:84c2381e-0735-4ef1-8142-125bf6cf90b5,JUAN MANUEL GARZON VIRACACHA,712020:84c2381e-0735-4ef1-8142-125bf6cf90b5,24/sep/26 5:57 PM,26/sep/26 3:40 PM,,,,0,"Descripción: Extender {{JpaRepository}} o {{MongoRepository}}. Métodos derivados: {{findByCuentaId(UUID)}}, {{findByEsDestacadaTrue()}}.
Done: los métodos retornan datos reales. Captura.",,JUAN MANUEL GARZON VIRACACHA,,712020:84c2381e-0735-4ef1-8142-125bf6cf90b5,,,,,,,,,,,,,,,,,,,,,,,,,,,,,,,,,,,,,0|i000au:,,,Sprint 2 - OllaCercana,,,,{},,En curso,26/sep/26 3:40 PM,10049,OC-19,HU-03: Configuración de Perfil de Cocinera y Conjunto Residencial
"Crear PerfilCocineraValidator (conjunto obligatorio, teléfono único) [Backend]",OC-81,10111,Subtask,En curso,OC,OllaCercana,software,DANIEL CAMILO MOSQUERA MARTINEZ,712020:e4492493-613d-4cf0-aa7f-038185bba789,,Medium,,DANIEL CAMILO MOSQUERA MARTINEZ,712020:e4492493-613d-4cf0-aa7f-038185bba789,JUAN MANUEL GARZON VIRACACHA,712020:84c2381e-0735-4ef1-8142-125bf6cf90b5,JUAN MANUEL GARZON VIRACACHA,712020:84c2381e-0735-4ef1-8142-125bf6cf90b5,24/sep/26 5:57 PM,26/sep/26 3:40 PM,,,,0,"Descripción: Validar que el conjunto residencial esté seleccionado (409 si no), que el teléfono sea único (409), y que los medios de pago sean válidos para el rol.
Done: los intentos inválidos retornan el código correcto. Captura del ErrorResponseDTO.",,JUAN MANUEL GARZON VIRACACHA,,712020:84c2381e-0735-4ef1-8142-125bf6cf90b5,,,,,,,,,,,,,,,,,,,,,,,,,,,,,,,,,,,,,0|i000b2:,,,Sprint 2 - OllaCercana,,,,{},,En curso,26/sep/26 3:40 PM,10049,OC-19,HU-03: Configuración de Perfil de Cocinera y Conjunto Residencial
Crear PerfilCocineraService con verificación OTP [Backend],OC-82,10112,Subtask,En curso,OC,OllaCercana,software,DANIEL CAMILO MOSQUERA MARTINEZ,712020:e4492493-613d-4cf0-aa7f-038185bba789,,Medium,,DANIEL CAMILO MOSQUERA MARTINEZ,712020:e4492493-613d-4cf0-aa7f-038185bba789,JUAN MANUEL GARZON VIRACACHA,712020:84c2381e-0735-4ef1-8142-125bf6cf90b5,JUAN MANUEL GARZON VIRACACHA,712020:84c2381e-0735-4ef1-8142-125bf6cf90b5,24/sep/26 5:57 PM,26/sep/26 3:40 PM,,,,0,"Descripción: Métodos: {{crearPerfil()}}, {{actualizarPerfil()}}, {{verificarTelefono(otp)}}. El método de verificación valida el código contra el registrado en {{CodigoOTP}}.
Done: prueba que guarda el perfil y verifica el teléfono. Captura.",,JUAN MANUEL GARZON VIRACACHA,,712020:84c2381e-0735-4ef1-8142-125bf6cf90b5,,,,,,,,,,,,,,,,,,,,,,,,,,,,,,,,,,,,,0|i000ba:,,,Sprint 2 - OllaCercana,,,,{},,En curso,26/sep/26 3:40 PM,10049,OC-19,HU-03: Configuración de Perfil de Cocinera y Conjunto Residencial
Crear PerfilCocineraController + Api [Backend],OC-83,10113,Subtask,En curso,OC,OllaCercana,software,DANIEL CAMILO MOSQUERA MARTINEZ,712020:e4492493-613d-4cf0-aa7f-038185bba789,,Medium,,DANIEL CAMILO MOSQUERA MARTINEZ,712020:e4492493-613d-4cf0-aa7f-038185bba789,JUAN MANUEL GARZON VIRACACHA,712020:84c2381e-0735-4ef1-8142-125bf6cf90b5,JUAN MANUEL GARZON VIRACACHA,712020:84c2381e-0735-4ef1-8142-125bf6cf90b5,24/sep/26 5:58 PM,26/sep/26 3:40 PM,,,,0,"Descripción: {{POST /api/v1/perfiles}}, {{PUT /api/v1/perfiles/{id}}}, {{POST /api/v1/perfiles/{id}/verificar-telefono}}.
Done: los tres endpoints aparecen en Swagger y responden correctamente. Captura.",,JUAN MANUEL GARZON VIRACACHA,,712020:84c2381e-0735-4ef1-8142-125bf6cf90b5,,,,,,,,,,,,,,,,,,,,,,,,,,,,,,,,,,,,,0|i000bi:,,,Sprint 2 - OllaCercana,,,,{},,En curso,26/sep/26 3:40 PM,10049,OC-19,HU-03: Configuración de Perfil de Cocinera y Conjunto Residencial
Pruebas unitarias PerfilCocineraServiceImplTest [Backend],OC-84,10114,Subtask,En curso,OC,OllaCercana,software,DANIEL CAMILO MOSQUERA MARTINEZ,712020:e4492493-613d-4cf0-aa7f-038185bba789,,Medium,,DANIEL CAMILO MOSQUERA MARTINEZ,712020:e4492493-613d-4cf0-aa7f-038185bba789,JUAN MANUEL GARZON VIRACACHA,712020:84c2381e-0735-4ef1-8142-125bf6cf90b5,JUAN MANUEL GARZON VIRACACHA,712020:84c2381e-0735-4ef1-8142-125bf6cf90b5,24/sep/26 5:58 PM,26/sep/26 3:40 PM,,,,0,"Descripción: Cubrir crear, actualizar y verificar OTP con happy path y errores.
Done: {{mvn test}} pasa. Captura.",,JUAN MANUEL GARZON VIRACACHA,,712020:84c2381e-0735-4ef1-8142-125bf6cf90b5,,,,,,,,,,,,,,,,,,,,,,,,,,,,,,,,,,,,,0|i000bq:,,,Sprint 2 - OllaCercana,,,,{},,En curso,26/sep/26 3:40 PM,10049,OC-19,HU-03: Configuración de Perfil de Cocinera y Conjunto Residencial
Maquetar pantalla Mi Perfil en React [Frontend],OC-85,10115,Subtask,Por hacer,OC,OllaCercana,software,DANIEL CAMILO MOSQUERA MARTINEZ,712020:e4492493-613d-4cf0-aa7f-038185bba789,,Medium,,KEVIN ANDREY ANGEL ACEVEDO,712020:65526efc-d88c-48f5-8803-19c44f616933,JUAN MANUEL GARZON VIRACACHA,712020:84c2381e-0735-4ef1-8142-125bf6cf90b5,JUAN MANUEL GARZON VIRACACHA,712020:84c2381e-0735-4ef1-8142-125bf6cf90b5,24/sep/26 5:58 PM,24/sep/26 11:52 PM,,,,0,"Descripción: Componente con los campos del perfil: nombre comercial, biografía, conjunto residencial, teléfono, medios de pago. Solo maquetación.
Done: la pantalla se ve en el navegador. Captura.",,JUAN MANUEL GARZON VIRACACHA,,712020:84c2381e-0735-4ef1-8142-125bf6cf90b5,,,,,,,,,,,,,,,,,,,,,,,,,,,,,,,,,,,,,0|i000by:,,,Sprint 2 - OllaCercana,,,,{},,Por hacer,24/sep/26 5:58 PM,10049,OC-19,HU-03: Configuración de Perfil de Cocinera y Conjunto Residencial
Implementar formulario de verificación OTP [Frontend],OC-86,10116,Subtask,Por hacer,OC,OllaCercana,software,DANIEL CAMILO MOSQUERA MARTINEZ,712020:e4492493-613d-4cf0-aa7f-038185bba789,,Medium,,KEVIN ANDREY ANGEL ACEVEDO,712020:65526efc-d88c-48f5-8803-19c44f616933,JUAN MANUEL GARZON VIRACACHA,712020:84c2381e-0735-4ef1-8142-125bf6cf90b5,JUAN MANUEL GARZON VIRACACHA,712020:84c2381e-0735-4ef1-8142-125bf6cf90b5,24/sep/26 5:59 PM,24/sep/26 11:52 PM,,,,0,"Descripción: Formulario de 6 dígitos para el código OTP. Incluye temporizador de 5 minutos y botón ""Reenviar código"".
Done: el formulario se ve y cuenta los 5 minutos. Captura.",,JUAN MANUEL GARZON VIRACACHA,,712020:84c2381e-0735-4ef1-8142-125bf6cf90b5,,,,,,,,,,,,,,,,,,,,,,,,,,,,,,,,,,,,,0|i000c6:,,,Sprint 2 - OllaCercana,,,,{},,Por hacer,24/sep/26 5:59 PM,10049,OC-19,HU-03: Configuración de Perfil de Cocinera y Conjunto Residencial
"Crear entidad Plato + enums TipoComida, EstadoPlato, RestriccionAlimentaria [Backend]",OC-87,10117,Subtask,Por hacer,OC,OllaCercana,software,DANIEL CAMILO MOSQUERA MARTINEZ,712020:e4492493-613d-4cf0-aa7f-038185bba789,,Medium,,Julian Morales,712020:c5509a24-ee65-4504-8f07-5f8d0b5b7be1,JUAN MANUEL GARZON VIRACACHA,712020:84c2381e-0735-4ef1-8142-125bf6cf90b5,JUAN MANUEL GARZON VIRACACHA,712020:84c2381e-0735-4ef1-8142-125bf6cf90b5,24/sep/26 5:59 PM,24/sep/26 11:58 PM,,,,0,"Descripción: Crear {{Plato}} en {{model/entity/}}. Enums: {{TipoComida}} (ALMUERZO, CENA, SNACK, POSTRE, BEBIDA), {{EstadoPlato}} (ACTIVO, AGOTADO, EXPIRADO) y {{RestriccionAlimentaria}} (VEGETARIANO, SIN_GLUTEN, SIN_LACTOSA). Relación N:1 con Cuenta (la cocinera).
Done: las tablas/enums se crean al levantar la app. Captura.",,JUAN MANUEL GARZON VIRACACHA,,712020:84c2381e-0735-4ef1-8142-125bf6cf90b5,,,,,,,,,,,,,,,,,,,,,,,,,,,,,,,,,,,,,0|i000ce:,,,Sprint 2 - OllaCercana,,,,{},,Por hacer,24/sep/26 5:59 PM,10050,OC-20,HU-04: Publicar Oferta de Comida Casera del Día
Crear DTO PlatoRequest + PlatoResponse (creación/edición),OC-88,10118,Subtask,Por hacer,OC,OllaCercana,software,DANIEL CAMILO MOSQUERA MARTINEZ,712020:e4492493-613d-4cf0-aa7f-038185bba789,,Medium,,Julian Morales,712020:c5509a24-ee65-4504-8f07-5f8d0b5b7be1,JUAN MANUEL GARZON VIRACACHA,712020:84c2381e-0735-4ef1-8142-125bf6cf90b5,JUAN MANUEL GARZON VIRACACHA,712020:84c2381e-0735-4ef1-8142-125bf6cf90b5,24/sep/26 6:00 PM,24/sep/26 11:58 PM,,,,0,"Descripción: {{PlatoRequestDTO}} para creación y edición: nombre, descripción, fotoUrl, tipoComida, restricciones, porcionesTotales, precioPorcion, horaDisponibilidad, puntoEntrega. {{PlatoResponseDTO}} sin conjunto ni distancia.
Done: Swagger muestra el schema. Captura.",,JUAN MANUEL GARZON VIRACACHA,,712020:84c2381e-0735-4ef1-8142-125bf6cf90b5,,,,,,,,,,,,,,,,,,,,,,,,,,,,,,,,,,,,,0|i000cm:,,,Sprint 2 - OllaCercana,,,,{},,Por hacer,24/sep/26 6:00 PM,10050,OC-20,HU-04: Publicar Oferta de Comida Casera del Día
Crear PlatoMapper + PlatoEntityMapper [Backend],OC-89,10119,Subtask,Por hacer,OC,OllaCercana,software,DANIEL CAMILO MOSQUERA MARTINEZ,712020:e4492493-613d-4cf0-aa7f-038185bba789,,Medium,,Julian Morales,712020:c5509a24-ee65-4504-8f07-5f8d0b5b7be1,JUAN MANUEL GARZON VIRACACHA,712020:84c2381e-0735-4ef1-8142-125bf6cf90b5,JUAN MANUEL GARZON VIRACACHA,712020:84c2381e-0735-4ef1-8142-125bf6cf90b5,24/sep/26 6:00 PM,24/sep/26 11:58 PM,,,,0,"Descripción: Mappers MapStruct para Plato. Sin lógica manual.
Done: el proyecto compila. Captura de las clases generadas.",,JUAN MANUEL GARZON VIRACACHA,,712020:84c2381e-0735-4ef1-8142-125bf6cf90b5,,,,,,,,,,,,,,,,,,,,,,,,,,,,,,,,,,,,,0|i000cu:,,,Sprint 2 - OllaCercana,,,,{},,Por hacer,24/sep/26 6:00 PM,10050,OC-20,HU-04: Publicar Oferta de Comida Casera del Día
Crear PlatoRepository con findByCocineraIdAndEstado [Backend],OC-90,10120,Subtask,Por hacer,OC,OllaCercana,software,DANIEL CAMILO MOSQUERA MARTINEZ,712020:e4492493-613d-4cf0-aa7f-038185bba789,,Medium,,Julian Morales,712020:c5509a24-ee65-4504-8f07-5f8d0b5b7be1,JUAN MANUEL GARZON VIRACACHA,712020:84c2381e-0735-4ef1-8142-125bf6cf90b5,JUAN MANUEL GARZON VIRACACHA,712020:84c2381e-0735-4ef1-8142-125bf6cf90b5,24/sep/26 6:00 PM,24/sep/26 11:58 PM,,,,0,"Descripción: Extender repositorio. Métodos: {{findByCocineraId(UUID)}}, {{findByCocineraIdAndEstado(UUID, EstadoPlato)}}, {{countByCocineraIdAndEstado(UUID, EstadoPlato)}}.
Done: los métodos retornan datos reales. Captura.",,JUAN MANUEL GARZON VIRACACHA,,712020:84c2381e-0735-4ef1-8142-125bf6cf90b5,,,,,,,,,,,,,,,,,,,,,,,,,,,,,,,,,,,,,0|i000d2:,,,Sprint 2 - OllaCercana,,,,{},,Por hacer,24/sep/26 6:00 PM,10050,OC-20,HU-04: Publicar Oferta de Comida Casera del Día
"Crear PlatoValidator (cocinera verificada, no pausada, máximo 3 activos, RN-28) [Backend]",OC-91,10121,Subtask,Por hacer,OC,OllaCercana,software,DANIEL CAMILO MOSQUERA MARTINEZ,712020:e4492493-613d-4cf0-aa7f-038185bba789,,Medium,,Julian Morales,712020:c5509a24-ee65-4504-8f07-5f8d0b5b7be1,JUAN MANUEL GARZON VIRACACHA,712020:84c2381e-0735-4ef1-8142-125bf6cf90b5,JUAN MANUEL GARZON VIRACACHA,712020:84c2381e-0735-4ef1-8142-125bf6cf90b5,24/sep/26 6:00 PM,24/sep/26 11:58 PM,,,,0,"Descripción: Validar: (1) la cocinera tiene celular verificado, (2) no está Pausada, (3) tiene menos de 3 platos Activos (RN-28). Cada regla lanza la excepción correspondiente.
Done: cada regla rechazada retorna el código correcto. Captura del ErrorResponseDTO.",,JUAN MANUEL GARZON VIRACACHA,,712020:84c2381e-0735-4ef1-8142-125bf6cf90b5,,,,,,,,,,,,,,,,,,,,,,,,,,,,,,,,,,,,,0|i000da:,,,Sprint 2 - OllaCercana,,,,{},,Por hacer,24/sep/26 6:00 PM,10050,OC-20,HU-04: Publicar Oferta de Comida Casera del Día
Crear PlatoService.crear() con fecha expiración +4h (RN-02) [Backend],OC-92,10122,Subtask,Por hacer,OC,OllaCercana,software,DANIEL CAMILO MOSQUERA MARTINEZ,712020:e4492493-613d-4cf0-aa7f-038185bba789,,Medium,,Julian Morales,712020:c5509a24-ee65-4504-8f07-5f8d0b5b7be1,JUAN MANUEL GARZON VIRACACHA,712020:84c2381e-0735-4ef1-8142-125bf6cf90b5,JUAN MANUEL GARZON VIRACACHA,712020:84c2381e-0735-4ef1-8142-125bf6cf90b5,24/sep/26 6:00 PM,24/sep/26 11:58 PM,,,,0,"Descripción: Método {{crear(Plato)}}: valida, calcula fecha de expiración = ahora + 4 horas (RN-02), guarda con estado ACTIVO y retorna. Inyecta Repository, EntityMapper y Validator.
Done: prueba que verifica que la fecha de expiración es exactamente 4h después. Captura.",,JUAN MANUEL GARZON VIRACACHA,,712020:84c2381e-0735-4ef1-8142-125bf6cf90b5,,,,,,,,,,,,,,,,,,,,,,,,,,,,,,,,,,,,,0|i000di:,,,Sprint 2 - OllaCercana,,,,{},,Por hacer,24/sep/26 6:00 PM,10050,OC-20,HU-04: Publicar Oferta de Comida Casera del Día
Crear PlatoController + PlatoApi [Backend],OC-93,10123,Subtask,Por hacer,OC,OllaCercana,software,DANIEL CAMILO MOSQUERA MARTINEZ,712020:e4492493-613d-4cf0-aa7f-038185bba789,,Medium,,Julian Morales,712020:c5509a24-ee65-4504-8f07-5f8d0b5b7be1,JUAN MANUEL GARZON VIRACACHA,712020:84c2381e-0735-4ef1-8142-125bf6cf90b5,JUAN MANUEL GARZON VIRACACHA,712020:84c2381e-0735-4ef1-8142-125bf6cf90b5,24/sep/26 6:00 PM,24/sep/26 11:58 PM,,,,0,"Descripción: {{POST /api/v1/platos}}, {{GET /api/v1/platos/{id}}}, {{PUT /api/v1/platos/{id}}}, {{DELETE /api/v1/platos/{id}}}. Con {{@Valid}} y códigos HTTP correctos.
Done: los endpoints aparecen en Swagger. Captura.",,JUAN MANUEL GARZON VIRACACHA,,712020:84c2381e-0735-4ef1-8142-125bf6cf90b5,,,,,,,,,,,,,,,,,,,,,,,,,,,,,,,,,,,,,0|i000dq:,,,Sprint 2 - OllaCercana,,,,{},,Por hacer,24/sep/26 6:00 PM,10050,OC-20,HU-04: Publicar Oferta de Comida Casera del Día
Pruebas unitarias PlatoServiceImplTest [Backend],OC-94,10124,Subtask,Por hacer,OC,OllaCercana,software,DANIEL CAMILO MOSQUERA MARTINEZ,712020:e4492493-613d-4cf0-aa7f-038185bba789,,Medium,,Julian Morales,712020:c5509a24-ee65-4504-8f07-5f8d0b5b7be1,JUAN MANUEL GARZON VIRACACHA,712020:84c2381e-0735-4ef1-8142-125bf6cf90b5,JUAN MANUEL GARZON VIRACACHA,712020:84c2381e-0735-4ef1-8142-125bf6cf90b5,24/sep/26 6:01 PM,24/sep/26 11:58 PM,,,,0,"Cubrir 5 escenarios del método {{crear()}}: happy path, 404 (cocinera no encontrada), 409 (conflicto de regla), 422 (estado inválido), y cálculo correcto de fecha de expiración. No duplicar pruebas de otros métodos.",,JUAN MANUEL GARZON VIRACACHA,,712020:84c2381e-0735-4ef1-8142-125bf6cf90b5,,,,,,,,,,,,,,,,,,,,,,,,,,,,,,,,,,,,,0|i000dy:,,,Sprint 2 - OllaCercana,,,,{},,Por hacer,24/sep/26 6:01 PM,10050,OC-20,HU-04: Publicar Oferta de Comida Casera del Día
Maquetar pantalla Publicar Plato en React [Frontend],OC-95,10125,Subtask,Por hacer,OC,OllaCercana,software,DANIEL CAMILO MOSQUERA MARTINEZ,712020:e4492493-613d-4cf0-aa7f-038185bba789,,Medium,,SANTIAGO ANDRES GARCIA ALMARIO,712020:f9bcdea1-27db-40ca-b0a1-390105e50fcf,JUAN MANUEL GARZON VIRACACHA,712020:84c2381e-0735-4ef1-8142-125bf6cf90b5,JUAN MANUEL GARZON VIRACACHA,712020:84c2381e-0735-4ef1-8142-125bf6cf90b5,24/sep/26 6:01 PM,24/sep/26 11:58 PM,,,,0,"Descripción: Componente con los campos: foto, nombre, descripción, tipo, restricciones, hora de disponibilidad y punto de entrega. Solo maquetación.
Done: la pantalla se ve completa. Captura.",,JUAN MANUEL GARZON VIRACACHA,,712020:84c2381e-0735-4ef1-8142-125bf6cf90b5,,,,,,,,,,,,,,,,,,,,,,,,,,,,,,,,,,,,,0|i000e6:,,,Sprint 2 - OllaCercana,,,,{},,Por hacer,24/sep/26 6:01 PM,10050,OC-20,HU-04: Publicar Oferta de Comida Casera del Día
"Implementar carga de foto (JPG/PNG, máx 5MB) [Frontend]",OC-96,10126,Subtask,Por hacer,OC,OllaCercana,software,DANIEL CAMILO MOSQUERA MARTINEZ,712020:e4492493-613d-4cf0-aa7f-038185bba789,,Medium,,SANTIAGO ANDRES GARCIA ALMARIO,712020:f9bcdea1-27db-40ca-b0a1-390105e50fcf,JUAN MANUEL GARZON VIRACACHA,712020:84c2381e-0735-4ef1-8142-125bf6cf90b5,JUAN MANUEL GARZON VIRACACHA,712020:84c2381e-0735-4ef1-8142-125bf6cf90b5,24/sep/26 6:01 PM,24/sep/26 11:58 PM,,,,0,"Descripción: Agregar el input de tipo file al formulario de publicación. Validar tipo MIME (JPG/PNG), tamaño máximo 5 MB y dimensiones mínimas 200×200. Subir el archivo y previsualizarlo en la tarjeta. No agregar campos numéricos: eso está en OC-102.
Done: se sube una foto y se ve en la tarjeta de preview. Captura.",,JUAN MANUEL GARZON VIRACACHA,,712020:84c2381e-0735-4ef1-8142-125bf6cf90b5,,,,,,,,,,,,,,,,,,,,,,,,,,,,,,,,,,,,,0|i000ee:,,,Sprint 2 - OllaCercana,,,,{},,Por hacer,24/sep/26 6:01 PM,10050,OC-20,HU-04: Publicar Oferta de Comida Casera del Día
Agregar campos porcionesTotales y precioPorcion a entidad Plato [Backend],OC-97,10127,Subtask,Por hacer,OC,OllaCercana,software,DANIEL CAMILO MOSQUERA MARTINEZ,712020:e4492493-613d-4cf0-aa7f-038185bba789,,Medium,,Julian Morales,712020:c5509a24-ee65-4504-8f07-5f8d0b5b7be1,JUAN MANUEL GARZON VIRACACHA,712020:84c2381e-0735-4ef1-8142-125bf6cf90b5,JUAN MANUEL GARZON VIRACACHA,712020:84c2381e-0735-4ef1-8142-125bf6cf90b5,24/sep/26 6:02 PM,24/sep/26 11:58 PM,,,,0,"Descripción: Agregar a {{Plato}}: {{porcionesTotales}} (Integer, 1–30) y {{precioPorcion}} (BigDecimal, 2000–50000). Incluir en el diagrama de clases actualizado.
Done: la tabla refleja las nuevas columnas. Captura.",,JUAN MANUEL GARZON VIRACACHA,,712020:84c2381e-0735-4ef1-8142-125bf6cf90b5,,,,,,,,,,,,,,,,,,,,,,,,,,,,,,,,,,,,,0|i000em:,,,Sprint 2 - OllaCercana,,,,{},,Por hacer,24/sep/26 6:02 PM,10051,OC-21,HU-05: Establecer Porciones Disponibles y Precio por Porción
"Actualizar DTO PlatoRequest con @Min, @Max, @Positive [Backend]",OC-98,10128,Subtask,Por hacer,OC,OllaCercana,software,DANIEL CAMILO MOSQUERA MARTINEZ,712020:e4492493-613d-4cf0-aa7f-038185bba789,,Medium,,Julian Morales,712020:c5509a24-ee65-4504-8f07-5f8d0b5b7be1,JUAN MANUEL GARZON VIRACACHA,712020:84c2381e-0735-4ef1-8142-125bf6cf90b5,JUAN MANUEL GARZON VIRACACHA,712020:84c2381e-0735-4ef1-8142-125bf6cf90b5,24/sep/26 6:02 PM,24/sep/26 11:58 PM,,,,0,"Descripción: Agregar a {{PlatoRequestDTO}}: {{@Min(1) @Max(30)}} en porcionesTotales y {{@DecimalMin(""2000"") @DecimalMax(""50000"")}} en precioPorcion. Mensajes claros en cada anotación.
Done: un POST con porciones en 0 retorna 400. Captura.",,JUAN MANUEL GARZON VIRACACHA,,712020:84c2381e-0735-4ef1-8142-125bf6cf90b5,,,,,,,,,,,,,,,,,,,,,,,,,,,,,,,,,,,,,0|i000eu:,,,Sprint 2 - OllaCercana,,,,{},,Por hacer,24/sep/26 6:02 PM,10051,OC-21,HU-05: Establecer Porciones Disponibles y Precio por Porción
"Actualizar PlatoValidator con rangos RN-27 (1-30 porciones, 2000-50000 COP) [Backend]",OC-99,10129,Subtask,Por hacer,OC,OllaCercana,software,DANIEL CAMILO MOSQUERA MARTINEZ,712020:e4492493-613d-4cf0-aa7f-038185bba789,,Medium,,Julian Morales,712020:c5509a24-ee65-4504-8f07-5f8d0b5b7be1,JUAN MANUEL GARZON VIRACACHA,712020:84c2381e-0735-4ef1-8142-125bf6cf90b5,JUAN MANUEL GARZON VIRACACHA,712020:84c2381e-0735-4ef1-8142-125bf6cf90b5,24/sep/26 6:03 PM,24/sep/26 11:58 PM,,,,0,"Descripción: Agregar validaciones de regla de negocio: precio múltiplo de 100, no aceptar valores fuera del rango RN-27. Complementa a OC-98 (Bean Validation en entrada, regla de negocio en dominio).
Done: un POST con precio fuera de rango retorna 422. Captura.",,JUAN MANUEL GARZON VIRACACHA,,712020:84c2381e-0735-4ef1-8142-125bf6cf90b5,,,,,,,,,,,,,,,,,,,,,,,,,,,,,,,,,,,,,0|i000f2:,,,Sprint 2 - OllaCercana,,,,{},,Por hacer,24/sep/26 6:03 PM,10051,OC-21,HU-05: Establecer Porciones Disponibles y Precio por Porción
Actualizar PlatoService para calcular disponibles = totales - comprometidas [Backend],OC-100,10130,Subtask,Por hacer,OC,OllaCercana,software,DANIEL CAMILO MOSQUERA MARTINEZ,712020:e4492493-613d-4cf0-aa7f-038185bba789,,Medium,,Julian Morales,712020:c5509a24-ee65-4504-8f07-5f8d0b5b7be1,JUAN MANUEL GARZON VIRACACHA,712020:84c2381e-0735-4ef1-8142-125bf6cf90b5,JUAN MANUEL GARZON VIRACACHA,712020:84c2381e-0735-4ef1-8142-125bf6cf90b5,24/sep/26 6:03 PM,24/sep/26 11:59 PM,,,,0,"Descripción: Agregar método {{calcularDisponibles(Plato)}}: {{disponibles = porcionesTotales - porcionesComprometidas}}. Nunca negativo. Si llega a 0, el plato pasa a AGOTADO.
Done: prueba con 5 totales y 3 comprometidas retorna 2. Captura.",,JUAN MANUEL GARZON VIRACACHA,,712020:84c2381e-0735-4ef1-8142-125bf6cf90b5,,,,,,,,,,,,,,,,,,,,,,,,,,,,,,,,,,,,,0|i000fa:,,,Sprint 2 - OllaCercana,,,,{},,Por hacer,24/sep/26 6:03 PM,10051,OC-21,HU-05: Establecer Porciones Disponibles y Precio por Porción
Pruebas unitarias del cálculo de disponibles [Backend],OC-101,10131,Subtask,Por hacer,OC,OllaCercana,software,DANIEL CAMILO MOSQUERA MARTINEZ,712020:e4492493-613d-4cf0-aa7f-038185bba789,,Medium,,Julian Morales,712020:c5509a24-ee65-4504-8f07-5f8d0b5b7be1,JUAN MANUEL GARZON VIRACACHA,712020:84c2381e-0735-4ef1-8142-125bf6cf90b5,JUAN MANUEL GARZON VIRACACHA,712020:84c2381e-0735-4ef1-8142-125bf6cf90b5,24/sep/26 6:03 PM,24/sep/26 11:59 PM,,,,0,"Descripción: Cubrir {{calcularDisponibles()}}: disponibles = totales - comprometidas, disponibles nunca negativo, cuando llega a 0 el plato pasa a AGOTADO. No duplicar pruebas de crear() ni de ajustarDisponibilidad().
Done: {{mvn test}} pasa. Captura.",,JUAN MANUEL GARZON VIRACACHA,,712020:84c2381e-0735-4ef1-8142-125bf6cf90b5,,,,,,,,,,,,,,,,,,,,,,,,,,,,,,,,,,,,,0|i000fi:,,,Sprint 2 - OllaCercana,,,,{},,Por hacer,24/sep/26 6:03 PM,10051,OC-21,HU-05: Establecer Porciones Disponibles y Precio por Porción
Actualizar formulario de publicación con campos de porciones y precio [Frontend],OC-102,10132,Subtask,Por hacer,OC,OllaCercana,software,DANIEL CAMILO MOSQUERA MARTINEZ,712020:e4492493-613d-4cf0-aa7f-038185bba789,,Medium,,SANTIAGO ANDRES GARCIA ALMARIO,712020:f9bcdea1-27db-40ca-b0a1-390105e50fcf,JUAN MANUEL GARZON VIRACACHA,712020:84c2381e-0735-4ef1-8142-125bf6cf90b5,JUAN MANUEL GARZON VIRACACHA,712020:84c2381e-0735-4ef1-8142-125bf6cf90b5,24/sep/26 6:03 PM,24/sep/26 11:59 PM,,,,0,"Descripción: Agregar los inputs {{porcionesTotales}} (1–30) y {{precioPorcion}} (2000–50000 COP). No modificar la lógica de carga de foto: eso está en OC-96.
Done: los dos inputs aparecen en el formulario. Captura.",,JUAN MANUEL GARZON VIRACACHA,,712020:84c2381e-0735-4ef1-8142-125bf6cf90b5,,,,,,,,,,,,,,,,,,,,,,,,,,,,,,,,,,,,,0|i000fq:,,,Sprint 2 - OllaCercana,,,,{},,Por hacer,24/sep/26 6:03 PM,10051,OC-21,HU-05: Establecer Porciones Disponibles y Precio por Porción
Implementar validación de rangos en el formulario [Frontend],OC-103,10133,Subtask,Por hacer,OC,OllaCercana,software,DANIEL CAMILO MOSQUERA MARTINEZ,712020:e4492493-613d-4cf0-aa7f-038185bba789,,Medium,,SANTIAGO ANDRES GARCIA ALMARIO,712020:f9bcdea1-27db-40ca-b0a1-390105e50fcf,JUAN MANUEL GARZON VIRACACHA,712020:84c2381e-0735-4ef1-8142-125bf6cf90b5,JUAN MANUEL GARZON VIRACACHA,712020:84c2381e-0735-4ef1-8142-125bf6cf90b5,24/sep/26 6:04 PM,24/sep/26 11:59 PM,,,,0,"Descripción: Validar en el frontend que porciones esté entre 1 y 30 y precio entre 2000 y 50000. Mostrar mensaje si no se cumple.
Done: al ingresar 31 porciones, se ve el mensaje de error. Captura.",,JUAN MANUEL GARZON VIRACACHA,,712020:84c2381e-0735-4ef1-8142-125bf6cf90b5,,,,,,,,,,,,,,,,,,,,,,,,,,,,,,,,,,,,,0|i000fy:,,,Sprint 2 - OllaCercana,,,,{},,Por hacer,24/sep/26 6:04 PM,10051,OC-21,HU-05: Establecer Porciones Disponibles y Precio por Porción
"Crear DTO AjusteDisponibilidadRequest (tipo, cantidad, motivo, versión) [Backend]",OC-104,10134,Subtask,Por hacer,OC,OllaCercana,software,DANIEL CAMILO MOSQUERA MARTINEZ,712020:e4492493-613d-4cf0-aa7f-038185bba789,,Medium,,Julian Morales,712020:c5509a24-ee65-4504-8f07-5f8d0b5b7be1,JUAN MANUEL GARZON VIRACACHA,712020:84c2381e-0735-4ef1-8142-125bf6cf90b5,JUAN MANUEL GARZON VIRACACHA,712020:84c2381e-0735-4ef1-8142-125bf6cf90b5,24/sep/26 6:05 PM,24/sep/26 11:59 PM,,,,0,"Descripción: {{AjusteDisponibilidadRequestDTO}} con: tipo (AUMENTAR/DISMINUIR/MARCAR_AGOTADO), cantidad, motivo (PREPARÉ_MÁS/CONSUMO_PROPIO/SE_DAÑÓ/OTRO) y versión del plato (para control optimista).
Done: Swagger muestra el schema. Captura.",,JUAN MANUEL GARZON VIRACACHA,,712020:84c2381e-0735-4ef1-8142-125bf6cf90b5,,,,,,,,,,,,,,,,,,,,,,,,,,,,,,,,,,,,,0|i000g6:,,,Sprint 2 - OllaCercana,,,,{},,Por hacer,24/sep/26 6:05 PM,10078,OC-48,HU-24: Actualizar Disponibilidad de Porciones
Agregar campo version a entidad Plato (control optimista) [Backend],OC-105,10135,Subtask,Por hacer,OC,OllaCercana,software,DANIEL CAMILO MOSQUERA MARTINEZ,712020:e4492493-613d-4cf0-aa7f-038185bba789,,Medium,,Julian Morales,712020:c5509a24-ee65-4504-8f07-5f8d0b5b7be1,JUAN MANUEL GARZON VIRACACHA,712020:84c2381e-0735-4ef1-8142-125bf6cf90b5,JUAN MANUEL GARZON VIRACACHA,712020:84c2381e-0735-4ef1-8142-125bf6cf90b5,24/sep/26 6:05 PM,24/sep/26 11:59 PM,,,,0,"Descripción: Agregar a {{Plato}} el campo {{version}} con {{@Version}} de JPA. Cada actualización incrementa la versión.
Done: la tabla refleja la nueva columna. Captura.",,JUAN MANUEL GARZON VIRACACHA,,712020:84c2381e-0735-4ef1-8142-125bf6cf90b5,,,,,,,,,,,,,,,,,,,,,,,,,,,,,,,,,,,,,0|i000ge:,,,Sprint 2 - OllaCercana,,,,{},,Por hacer,24/sep/26 6:05 PM,10078,OC-48,HU-24: Actualizar Disponibilidad de Porciones
Crear método ajustarDisponibilidad() en PlatoService [Backend],OC-106,10136,Subtask,Por hacer,OC,OllaCercana,software,DANIEL CAMILO MOSQUERA MARTINEZ,712020:e4492493-613d-4cf0-aa7f-038185bba789,,Medium,,Julian Morales,712020:c5509a24-ee65-4504-8f07-5f8d0b5b7be1,JUAN MANUEL GARZON VIRACACHA,712020:84c2381e-0735-4ef1-8142-125bf6cf90b5,JUAN MANUEL GARZON VIRACACHA,712020:84c2381e-0735-4ef1-8142-125bf6cf90b5,24/sep/26 6:05 PM,24/sep/26 11:59 PM,,,,0,"Descripción: Método {{ajustarDisponibilidad(id, tipo, cantidad, version)}}. Valida la versión, aplica el ajuste, recalcula disponibles y persiste. Si la versión no coincide, lanza {{ConflictoException}} (409).
Done: prueba con versión correcta y con versión desactualizada. Captura.",,JUAN MANUEL GARZON VIRACACHA,,712020:84c2381e-0735-4ef1-8142-125bf6cf90b5,,,,,,,,,,,,,,,,,,,,,,,,,,,,,,,,,,,,,0|i000gm:,,,Sprint 2 - OllaCercana,,,,{},,Por hacer,24/sep/26 6:05 PM,10078,OC-48,HU-24: Actualizar Disponibilidad de Porciones
Implementar control de versión optimista (@Version JPA) [Backend],OC-107,10137,Subtask,Por hacer,OC,OllaCercana,software,DANIEL CAMILO MOSQUERA MARTINEZ,712020:e4492493-613d-4cf0-aa7f-038185bba789,,Medium,,Julian Morales,712020:c5509a24-ee65-4504-8f07-5f8d0b5b7be1,JUAN MANUEL GARZON VIRACACHA,712020:84c2381e-0735-4ef1-8142-125bf6cf90b5,JUAN MANUEL GARZON VIRACACHA,712020:84c2381e-0735-4ef1-8142-125bf6cf90b5,24/sep/26 6:05 PM,24/sep/26 11:59 PM,,,,0,"Descripción: Configurar la anotación {{@Version}} en la entidad y verificar que Hibernate lanza {{OptimisticLockException}} cuando hay conflicto. Traducir la excepción a {{ConflictoException}} (409) con mensaje ""El plato fue modificado, refresca la página"".
Done: la prueba de concurrencia lanza 409. Captura.",,JUAN MANUEL GARZON VIRACACHA,,712020:84c2381e-0735-4ef1-8142-125bf6cf90b5,,,,,,,,,,,,,,,,,,,,,,,,,,,,,,,,,,,,,0|i000gu:,,,Sprint 2 - OllaCercana,,,,{},,Por hacer,24/sep/26 6:05 PM,10078,OC-48,HU-24: Actualizar Disponibilidad de Porciones
"Implementar validación ""no menor que comprometidas"" [Backend]",OC-108,10138,Subtask,Por hacer,OC,OllaCercana,software,DANIEL CAMILO MOSQUERA MARTINEZ,712020:e4492493-613d-4cf0-aa7f-038185bba789,,Medium,,Julian Morales,712020:c5509a24-ee65-4504-8f07-5f8d0b5b7be1,JUAN MANUEL GARZON VIRACACHA,712020:84c2381e-0735-4ef1-8142-125bf6cf90b5,JUAN MANUEL GARZON VIRACACHA,712020:84c2381e-0735-4ef1-8142-125bf6cf90b5,24/sep/26 6:05 PM,24/sep/26 11:59 PM,,,,0,"Descripción: Al disminuir o marcar agotado, verificar que las nuevas porciones totales no queden por debajo de las comprometidas. Si lo intenta, lanzar {{ReglaDeNegocioException}} con el mensaje ""Tienes N porciones reservadas"".
Done: prueba con 3 comprometidas y total 2 retorna 422. Captura.",,JUAN MANUEL GARZON VIRACACHA,,712020:84c2381e-0735-4ef1-8142-125bf6cf90b5,,,,,,,,,,,,,,,,,,,,,,,,,,,,,,,,,,,,,0|i000h2:,,,Sprint 2 - OllaCercana,,,,{},,Por hacer,24/sep/26 6:05 PM,10078,OC-48,HU-24: Actualizar Disponibilidad de Porciones
Crear endpoint PATCH /api/v1/platos/{id}/disponibilidad [Backend],OC-109,10139,Subtask,Por hacer,OC,OllaCercana,software,DANIEL CAMILO MOSQUERA MARTINEZ,712020:e4492493-613d-4cf0-aa7f-038185bba789,,Medium,,Julian Morales,712020:c5509a24-ee65-4504-8f07-5f8d0b5b7be1,JUAN MANUEL GARZON VIRACACHA,712020:84c2381e-0735-4ef1-8142-125bf6cf90b5,JUAN MANUEL GARZON VIRACACHA,712020:84c2381e-0735-4ef1-8142-125bf6cf90b5,24/sep/26 6:06 PM,24/sep/26 11:59 PM,,,,0,"Descripción: {{PATCH /api/v1/platos/{id}/disponibilidad}}. Recibe AjusteDisponibilidadRequestDTO con {{@Valid}}. Retorna 200 con el plato actualizado. Códigos posibles: 200, 400, 404, 409, 422.
Done: el endpoint aparece en Swagger y responde. Captura.",,JUAN MANUEL GARZON VIRACACHA,,712020:84c2381e-0735-4ef1-8142-125bf6cf90b5,,,,,,,,,,,,,,,,,,,,,,,,,,,,,,,,,,,,,0|i000ha:,,,Sprint 2 - OllaCercana,,,,{},,Por hacer,24/sep/26 6:06 PM,10078,OC-48,HU-24: Actualizar Disponibilidad de Porciones
Pruebas unitarias de ajuste y concurrencia [Backend],OC-110,10140,Subtask,Por hacer,OC,OllaCercana,software,DANIEL CAMILO MOSQUERA MARTINEZ,712020:e4492493-613d-4cf0-aa7f-038185bba789,,Medium,,Julian Morales,712020:c5509a24-ee65-4504-8f07-5f8d0b5b7be1,JUAN MANUEL GARZON VIRACACHA,712020:84c2381e-0735-4ef1-8142-125bf6cf90b5,JUAN MANUEL GARZON VIRACACHA,712020:84c2381e-0735-4ef1-8142-125bf6cf90b5,24/sep/26 6:06 PM,24/sep/26 11:59 PM,,,,0,"Descripción: Cubrir {{ajustarDisponibilidad()}}: aumentar, disminuir, marcar agotado, rechazo si queda por debajo de comprometidas y conflicto de versión optimista. No duplicar pruebas de crear() ni de calcularDisponibles().
Done: {{mvn test}} pasa con los 5 escenarios. Captura.",,JUAN MANUEL GARZON VIRACACHA,,712020:84c2381e-0735-4ef1-8142-125bf6cf90b5,,,,,,,,,,,,,,,,,,,,,,,,,,,,,,,,,,,,,0|i000hi:,,,Sprint 2 - OllaCercana,,,,{},,Por hacer,24/sep/26 6:06 PM,10078,OC-48,HU-24: Actualizar Disponibilidad de Porciones
Maquetar pantalla Ajustar Disponibilidad en React [Frontend],OC-111,10141,Subtask,Por hacer,OC,OllaCercana,software,DANIEL CAMILO MOSQUERA MARTINEZ,712020:e4492493-613d-4cf0-aa7f-038185bba789,,Medium,,SANTIAGO ANDRES GARCIA ALMARIO,712020:f9bcdea1-27db-40ca-b0a1-390105e50fcf,JUAN MANUEL GARZON VIRACACHA,712020:84c2381e-0735-4ef1-8142-125bf6cf90b5,JUAN MANUEL GARZON VIRACACHA,712020:84c2381e-0735-4ef1-8142-125bf6cf90b5,24/sep/26 6:06 PM,25/sep/26 12:00 AM,,,,0,"Descripción: Componente con selector de tipo de ajuste (aumentar/disminuir/marcar agotado), input de cantidad y campo de motivo.
Done: la pantalla se ve. Captura.",,JUAN MANUEL GARZON VIRACACHA,,712020:84c2381e-0735-4ef1-8142-125bf6cf90b5,,,,,,,,,,,,,,,,,,,,,,,,,,,,,,,,,,,,,0|i000hq:,,,Sprint 2 - OllaCercana,,,,{},,Por hacer,24/sep/26 6:06 PM,10078,OC-48,HU-24: Actualizar Disponibilidad de Porciones
Implementar selector aumentar/disminuir/marcar agotado [Frontend],OC-112,10142,Subtask,Por hacer,OC,OllaCercana,software,DANIEL CAMILO MOSQUERA MARTINEZ,712020:e4492493-613d-4cf0-aa7f-038185bba789,,Medium,,SANTIAGO ANDRES GARCIA ALMARIO,712020:f9bcdea1-27db-40ca-b0a1-390105e50fcf,JUAN MANUEL GARZON VIRACACHA,712020:84c2381e-0735-4ef1-8142-125bf6cf90b5,JUAN MANUEL GARZON VIRACACHA,712020:84c2381e-0735-4ef1-8142-125bf6cf90b5,24/sep/26 6:06 PM,25/sep/26 12:00 AM,,,,0,"Descripción: Interfaz con radio buttons o tabs para elegir el tipo de ajuste. Mostrar el input de cantidad solo si el tipo no es MARCAR_AGOTADO.
Done: al cambiar de tab, se muestra u oculta el input. Captura.",,JUAN MANUEL GARZON VIRACACHA,,712020:84c2381e-0735-4ef1-8142-125bf6cf90b5,,,,,,,,,,,,,,,,,,,,,,,,,,,,,,,,,,,,,0|i000hy:,,,Sprint 2 - OllaCercana,,,,{},,Por hacer,24/sep/26 6:06 PM,10078,OC-48,HU-24: Actualizar Disponibilidad de Porciones
Manejar error 409 (conflicto de versión) en el frontend [Frontend],OC-113,10143,Subtask,Por hacer,OC,OllaCercana,software,DANIEL CAMILO MOSQUERA MARTINEZ,712020:e4492493-613d-4cf0-aa7f-038185bba789,,Medium,,SANTIAGO ANDRES GARCIA ALMARIO,712020:f9bcdea1-27db-40ca-b0a1-390105e50fcf,JUAN MANUEL GARZON VIRACACHA,712020:84c2381e-0735-4ef1-8142-125bf6cf90b5,JUAN MANUEL GARZON VIRACACHA,712020:84c2381e-0735-4ef1-8142-125bf6cf90b5,24/sep/26 6:07 PM,25/sep/26 12:00 AM,,,,0,"Descripción: Al recibir 409 del backend, mostrar mensaje ""El plato fue modificado por otra reserva, refresca los datos"" y recargar la información actualizada.
Done: al forzar el error, se muestra el mensaje y se refresca. Captura.",,JUAN MANUEL GARZON VIRACACHA,,712020:84c2381e-0735-4ef1-8142-125bf6cf90b5,,,,,,,,,,,,,,,,,,,,,,,,,,,,,,,,,,,,,0|i000i6:,,,Sprint 2 - OllaCercana,,,,{},,Por hacer,24/sep/26 6:07 PM,10078,OC-48,HU-24: Actualizar Disponibilidad de Porciones
"Crear DTO ConsultaPlatosRequest (lat, lng, radio) [Backend]",OC-114,10144,Subtask,Por hacer,OC,OllaCercana,software,DANIEL CAMILO MOSQUERA MARTINEZ,712020:e4492493-613d-4cf0-aa7f-038185bba789,,Medium,,JUAN MANUEL GARZON VIRACACHA,712020:84c2381e-0735-4ef1-8142-125bf6cf90b5,JUAN MANUEL GARZON VIRACACHA,712020:84c2381e-0735-4ef1-8142-125bf6cf90b5,JUAN MANUEL GARZON VIRACACHA,712020:84c2381e-0735-4ef1-8142-125bf6cf90b5,24/sep/26 6:08 PM,25/sep/26 10:33 AM,,,,0,"Descripción: {{ConsultaPlatosRequestDTO}} con latitud, longitud y radio (500–2000 m). Validar rangos con Bean Validation.
Done: Swagger muestra el schema. Captura.",,JUAN MANUEL GARZON VIRACACHA,,712020:84c2381e-0735-4ef1-8142-125bf6cf90b5,,,,,,,,,,,,,,,,,,,,,,,,,,,,,,,,,,,,,0|i000ie:,,,Sprint 2 - OllaCercana,,,,{},,Por hacer,24/sep/26 6:08 PM,10052,OC-22,HU-06: Consultar Platos Disponibles por Radio de Distancia
Implementar query con cálculo de distancia (Haversine o PostGIS) [Backend],OC-115,10145,Subtask,Por hacer,OC,OllaCercana,software,DANIEL CAMILO MOSQUERA MARTINEZ,712020:e4492493-613d-4cf0-aa7f-038185bba789,,Medium,,JUAN MANUEL GARZON VIRACACHA,712020:84c2381e-0735-4ef1-8142-125bf6cf90b5,JUAN MANUEL GARZON VIRACACHA,712020:84c2381e-0735-4ef1-8142-125bf6cf90b5,JUAN MANUEL GARZON VIRACACHA,712020:84c2381e-0735-4ef1-8142-125bf6cf90b5,24/sep/26 6:08 PM,25/sep/26 10:33 AM,,,,0,"Descripción: Implementar el cálculo de distancia en línea recta entre la ubicación del comprador y cada plato. Usar Haversine en Java o PostGIS según la BD elegida.
Done: prueba con coordenadas conocidas retorna la distancia esperada (±5%). Captura.",,JUAN MANUEL GARZON VIRACACHA,,712020:84c2381e-0735-4ef1-8142-125bf6cf90b5,,,,,,,,,,,,,,,,,,,,,,,,,,,,,,,,,,,,,0|i000im:,,,Sprint 2 - OllaCercana,,,,{},,Por hacer,24/sep/26 6:08 PM,10052,OC-22,HU-06: Consultar Platos Disponibles por Radio de Distancia
Crear método consultarCercanos() en PlatoService [Backend],OC-116,10146,Subtask,Por hacer,OC,OllaCercana,software,DANIEL CAMILO MOSQUERA MARTINEZ,712020:e4492493-613d-4cf0-aa7f-038185bba789,,Medium,,JUAN MANUEL GARZON VIRACACHA,712020:84c2381e-0735-4ef1-8142-125bf6cf90b5,JUAN MANUEL GARZON VIRACACHA,712020:84c2381e-0735-4ef1-8142-125bf6cf90b5,JUAN MANUEL GARZON VIRACACHA,712020:84c2381e-0735-4ef1-8142-125bf6cf90b5,24/sep/26 6:08 PM,25/sep/26 10:33 AM,,,,0,"Descripción: {{consultarCercanos(lat, lng, radio)}}: obtiene todos los platos activos, calcula la distancia a cada uno, filtra los que están dentro del radio y ordena por cercanía.
Done: prueba con 3 platos a distintas distancias retorna solo los del radio. Captura.",,JUAN MANUEL GARZON VIRACACHA,,712020:84c2381e-0735-4ef1-8142-125bf6cf90b5,,,,,,,,,,,,,,,,,,,,,,,,,,,,,,,,,,,,,0|i000iu:,,,Sprint 2 - OllaCercana,,,,{},,Por hacer,24/sep/26 6:08 PM,10052,OC-22,HU-06: Consultar Platos Disponibles por Radio de Distancia
Crear endpoint GET /api/v1/platos/cercanos con paginación [Backend],OC-117,10147,Subtask,Por hacer,OC,OllaCercana,software,DANIEL CAMILO MOSQUERA MARTINEZ,712020:e4492493-613d-4cf0-aa7f-038185bba789,,Medium,,JUAN MANUEL GARZON VIRACACHA,712020:84c2381e-0735-4ef1-8142-125bf6cf90b5,JUAN MANUEL GARZON VIRACACHA,712020:84c2381e-0735-4ef1-8142-125bf6cf90b5,JUAN MANUEL GARZON VIRACACHA,712020:84c2381e-0735-4ef1-8142-125bf6cf90b5,24/sep/26 6:08 PM,25/sep/26 10:33 AM,,,,0,"Descripción: {{GET /api/v1/platos/cercanos?lat=..&lng=..&radio=..&page=..&size=..}}. Retorna lista paginada con distancia aproximada y nombre de conjunto.
Done: el endpoint aparece en Swagger. Captura.",,JUAN MANUEL GARZON VIRACACHA,,712020:84c2381e-0735-4ef1-8142-125bf6cf90b5,,,,,,,,,,,,,,,,,,,,,,,,,,,,,,,,,,,,,0|i000j2:,,,Sprint 2 - OllaCercana,,,,{},,Por hacer,24/sep/26 6:08 PM,10052,OC-22,HU-06: Consultar Platos Disponibles por Radio de Distancia
Pruebas unitarias del cálculo de distancia [Backend],OC-118,10148,Subtask,Por hacer,OC,OllaCercana,software,DANIEL CAMILO MOSQUERA MARTINEZ,712020:e4492493-613d-4cf0-aa7f-038185bba789,,Medium,,JUAN MANUEL GARZON VIRACACHA,712020:84c2381e-0735-4ef1-8142-125bf6cf90b5,JUAN MANUEL GARZON VIRACACHA,712020:84c2381e-0735-4ef1-8142-125bf6cf90b5,JUAN MANUEL GARZON VIRACACHA,712020:84c2381e-0735-4ef1-8142-125bf6cf90b5,24/sep/26 6:09 PM,25/sep/26 10:33 AM,,,,0,"Descripción: Cubrir el cálculo con coordenadas conocidas: mismo punto (distancia 0), puntos cercanos, puntos fuera del radio.
Done: {{mvn test}} pasa con los casos. Captura.",,JUAN MANUEL GARZON VIRACACHA,,712020:84c2381e-0735-4ef1-8142-125bf6cf90b5,,,,,,,,,,,,,,,,,,,,,,,,,,,,,,,,,,,,,0|i000ja:,,,Sprint 2 - OllaCercana,,,,{},,Por hacer,24/sep/26 6:09 PM,10052,OC-22,HU-06: Consultar Platos Disponibles por Radio de Distancia
Maquetar pantalla Explorar con lista de platos [Frontend],OC-119,10149,Subtask,Por hacer,OC,OllaCercana,software,DANIEL CAMILO MOSQUERA MARTINEZ,712020:e4492493-613d-4cf0-aa7f-038185bba789,,Medium,,JUAN MANUEL GARZON VIRACACHA,712020:84c2381e-0735-4ef1-8142-125bf6cf90b5,JUAN MANUEL GARZON VIRACACHA,712020:84c2381e-0735-4ef1-8142-125bf6cf90b5,JUAN MANUEL GARZON VIRACACHA,712020:84c2381e-0735-4ef1-8142-125bf6cf90b5,24/sep/26 6:09 PM,25/sep/26 10:33 AM,,,,0,"Descripción: Componente con lista de tarjetas de platos. Cada tarjeta muestra foto, nombre, precio, distancia aproximada, conjunto y cocinera.
Done: la pantalla se ve con tarjetas. Captura.",,JUAN MANUEL GARZON VIRACACHA,,712020:84c2381e-0735-4ef1-8142-125bf6cf90b5,,,,,,,,,,,,,,,,,,,,,,,,,,,,,,,,,,,,,0|i000ji:,,,Sprint 2 - OllaCercana,,,,{},,Por hacer,24/sep/26 6:09 PM,10052,OC-22,HU-06: Consultar Platos Disponibles por Radio de Distancia
Implementar selector de radio (500m a 2km) [Frontend],OC-120,10150,Subtask,Por hacer,OC,OllaCercana,software,DANIEL CAMILO MOSQUERA MARTINEZ,712020:e4492493-613d-4cf0-aa7f-038185bba789,,Medium,,,,JUAN MANUEL GARZON VIRACACHA,712020:84c2381e-0735-4ef1-8142-125bf6cf90b5,JUAN MANUEL GARZON VIRACACHA,712020:84c2381e-0735-4ef1-8142-125bf6cf90b5,24/sep/26 6:09 PM,24/sep/26 10:40 PM,,,,0,"Descripción: Selector de radio con opciones 500m, 1km, 1.5km, 2km. Al cambiar, recarga la lista.
Done: al cambiar el radio, la lista se actualiza. Captura.",,JUAN MANUEL GARZON VIRACACHA,,712020:84c2381e-0735-4ef1-8142-125bf6cf90b5,,,,,,,,,,,,,,,,,,,,,,,,,,,,,,,,,,,,,0|i000jq:,,,Sprint 2 - OllaCercana,,,,{},,Por hacer,24/sep/26 6:09 PM,10052,OC-22,HU-06: Consultar Platos Disponibles por Radio de Distancia
Crear DTO PlatoCercanoResponse (con conjunto y distancia aproximada),OC-121,10151,Subtask,Por hacer,OC,OllaCercana,software,DANIEL CAMILO MOSQUERA MARTINEZ,712020:e4492493-613d-4cf0-aa7f-038185bba789,,Medium,,DANIEL CAMILO MOSQUERA MARTINEZ,712020:e4492493-613d-4cf0-aa7f-038185bba789,JUAN MANUEL GARZON VIRACACHA,712020:84c2381e-0735-4ef1-8142-125bf6cf90b5,JUAN MANUEL GARZON VIRACACHA,712020:84c2381e-0735-4ef1-8142-125bf6cf90b5,24/sep/26 6:10 PM,24/sep/26 11:56 PM,,,,0,"Descripción: {{PlatoCercanoResponseDTO}} con: id, nombre, fotoUrl, tipoComida, restricciones, precioPorcion, porcionesDisponibles, conjunto, distanciaAproximada, tiempoRestante. Este DTO es distinto al {{PlatoResponseDTO}} de OC-88: el de creación/edición no expone distancia ni conjunto. Nunca deben llamarse igual en Java.
Done: Swagger muestra el schema con esos campos. Captura.",,JUAN MANUEL GARZON VIRACACHA,,712020:84c2381e-0735-4ef1-8142-125bf6cf90b5,,,,,,,,,,,,,,,,,,,,,,,,,,,,,,,,,,,,,0|i000jy:,,,Sprint 2 - OllaCercana,,,,{},,Por hacer,24/sep/26 6:10 PM,10056,OC-26,HU-10: Ocultamiento de Dirección Exacta de la Cocinera
Implementar lógica de redondeo de distancia a 100m [Backend],OC-122,10152,Subtask,Por hacer,OC,OllaCercana,software,DANIEL CAMILO MOSQUERA MARTINEZ,712020:e4492493-613d-4cf0-aa7f-038185bba789,,Medium,,DANIEL CAMILO MOSQUERA MARTINEZ,712020:e4492493-613d-4cf0-aa7f-038185bba789,JUAN MANUEL GARZON VIRACACHA,712020:84c2381e-0735-4ef1-8142-125bf6cf90b5,JUAN MANUEL GARZON VIRACACHA,712020:84c2381e-0735-4ef1-8142-125bf6cf90b5,24/sep/26 6:10 PM,24/sep/26 11:56 PM,,,,0,"Descripción: Redondear la distancia a múltiplos de 100 m para no revelar la ubicación exacta (RN-05). Ejemplo: 850 m → 900 m.
Done: prueba que verifica el redondeo. Captura.",,JUAN MANUEL GARZON VIRACACHA,,712020:84c2381e-0735-4ef1-8142-125bf6cf90b5,,,,,,,,,,,,,,,,,,,,,,,,,,,,,,,,,,,,,0|i000k6:,,,Sprint 2 - OllaCercana,,,,{},,Por hacer,24/sep/26 6:10 PM,10056,OC-26,HU-10: Ocultamiento de Dirección Exacta de la Cocinera
Crear endpoint público que nunca exponga dirección exacta [Backend],OC-123,10153,Subtask,Por hacer,OC,OllaCercana,software,DANIEL CAMILO MOSQUERA MARTINEZ,712020:e4492493-613d-4cf0-aa7f-038185bba789,,Medium,,DANIEL CAMILO MOSQUERA MARTINEZ,712020:e4492493-613d-4cf0-aa7f-038185bba789,JUAN MANUEL GARZON VIRACACHA,712020:84c2381e-0735-4ef1-8142-125bf6cf90b5,JUAN MANUEL GARZON VIRACACHA,712020:84c2381e-0735-4ef1-8142-125bf6cf90b5,24/sep/26 6:11 PM,24/sep/26 11:56 PM,,,,0,"Descripción: El endpoint de platos cercanos debe retornar solo el nombre del conjunto y la distancia redondeada. Nunca la dirección exacta. Verificar con prueba que inspeccione la respuesta JSON.
Done: prueba que no encuentra ""torre"", ""apto"" ni ""dirección"" en la respuesta. Captura.",,JUAN MANUEL GARZON VIRACACHA,,712020:84c2381e-0735-4ef1-8142-125bf6cf90b5,,,,,,,,,,,,,,,,,,,,,,,,,,,,,,,,,,,,,0|i000ke:,,,Sprint 2 - OllaCercana,,,,{},,Por hacer,24/sep/26 6:11 PM,10056,OC-26,HU-10: Ocultamiento de Dirección Exacta de la Cocinera
Pruebas unitarias de privacidad (RN-05) [Backend],OC-124,10154,Subtask,Por hacer,OC,OllaCercana,software,DANIEL CAMILO MOSQUERA MARTINEZ,712020:e4492493-613d-4cf0-aa7f-038185bba789,,Medium,,DANIEL CAMILO MOSQUERA MARTINEZ,712020:e4492493-613d-4cf0-aa7f-038185bba789,JUAN MANUEL GARZON VIRACACHA,712020:84c2381e-0735-4ef1-8142-125bf6cf90b5,JUAN MANUEL GARZON VIRACACHA,712020:84c2381e-0735-4ef1-8142-125bf6cf90b5,24/sep/26 6:11 PM,24/sep/26 11:56 PM,,,,0,"Descripción: Cubrir que el DTO de respuesta no incluye dirección exacta, ni celular, ni número de apartamento.
Done: {{mvn test}} pasa. Captura.",,JUAN MANUEL GARZON VIRACACHA,,712020:84c2381e-0735-4ef1-8142-125bf6cf90b5,,,,,,,,,,,,,,,,,,,,,,,,,,,,,,,,,,,,,0|i000km:,,,Sprint 2 - OllaCercana,,,,{},,Por hacer,24/sep/26 6:11 PM,10056,OC-26,HU-10: Ocultamiento de Dirección Exacta de la Cocinera
Mostrar solo nombre de conjunto y distancia en la tarjeta [Frontend],OC-125,10155,Subtask,Por hacer,OC,OllaCercana,software,DANIEL CAMILO MOSQUERA MARTINEZ,712020:e4492493-613d-4cf0-aa7f-038185bba789,,Medium,,SANTIAGO ANDRES GARCIA ALMARIO,712020:f9bcdea1-27db-40ca-b0a1-390105e50fcf,JUAN MANUEL GARZON VIRACACHA,712020:84c2381e-0735-4ef1-8142-125bf6cf90b5,JUAN MANUEL GARZON VIRACACHA,712020:84c2381e-0735-4ef1-8142-125bf6cf90b5,24/sep/26 6:11 PM,24/sep/26 11:56 PM,,,,0,"Descripción: La tarjeta muestra solo conjunto y distancia redondeada. No mostrar coordenadas ni direcciones.
Done: la tarjeta se ve con esos datos. Captura.",,JUAN MANUEL GARZON VIRACACHA,,712020:84c2381e-0735-4ef1-8142-125bf6cf90b5,,,,,,,,,,,,,,,,,,,,,,,,,,,,,,,,,,,,,0|i000ku:,,,Sprint 2 - OllaCercana,,,,{},,Por hacer,24/sep/26 6:11 PM,10056,OC-26,HU-10: Ocultamiento de Dirección Exacta de la Cocinera
Ocultar dirección exacta en detalle de plato [Frontend],OC-126,10156,Subtask,Por hacer,OC,OllaCercana,software,DANIEL CAMILO MOSQUERA MARTINEZ,712020:e4492493-613d-4cf0-aa7f-038185bba789,,Medium,,SANTIAGO ANDRES GARCIA ALMARIO,712020:f9bcdea1-27db-40ca-b0a1-390105e50fcf,JUAN MANUEL GARZON VIRACACHA,712020:84c2381e-0735-4ef1-8142-125bf6cf90b5,JUAN MANUEL GARZON VIRACACHA,712020:84c2381e-0735-4ef1-8142-125bf6cf90b5,24/sep/26 6:11 PM,24/sep/26 11:56 PM,,,,0,"Descripción: En el detalle del plato se muestra solo el conjunto y el punto de entrega general (portería, salón comunal). Nunca la dirección exacta.
Done: el detalle se ve con esos datos. Captura.",,JUAN MANUEL GARZON VIRACACHA,,712020:84c2381e-0735-4ef1-8142-125bf6cf90b5,,,,,,,,,,,,,,,,,,,,,,,,,,,,,,,,,,,,,0|i000l2:,,,Sprint 2 - OllaCercana,,,,{},,Por hacer,24/sep/26 6:11 PM,10056,OC-26,HU-10: Ocultamiento de Dirección Exacta de la Cocinera
Agregar parámetro tipoComida al endpoint de consulta [Backend],OC-127,10157,Subtask,Por hacer,OC,OllaCercana,software,DANIEL CAMILO MOSQUERA MARTINEZ,712020:e4492493-613d-4cf0-aa7f-038185bba789,,Medium,,JUAN MANUEL GARZON VIRACACHA,712020:84c2381e-0735-4ef1-8142-125bf6cf90b5,JUAN MANUEL GARZON VIRACACHA,712020:84c2381e-0735-4ef1-8142-125bf6cf90b5,JUAN MANUEL GARZON VIRACACHA,712020:84c2381e-0735-4ef1-8142-125bf6cf90b5,24/sep/26 6:12 PM,25/sep/26 10:33 AM,,,,0,"Descripción: {{GET /api/v1/platos/cercanos?tipoComida=ALMUERZO}}. Acepta uno o varios tipos como parámetro repetible. Filtra en la query.
Done: el endpoint con el parámetro retorna solo los platos del tipo. Captura.",,JUAN MANUEL GARZON VIRACACHA,,712020:84c2381e-0735-4ef1-8142-125bf6cf90b5,,,,,,,,,,,,,,,,,,,,,,,,,,,,,,,,,,,,,0|i000la:,,,Sprint 2 - OllaCercana,,,,{},,Por hacer,24/sep/26 6:12 PM,10053,OC-23,HU-07: Filtrar Platos por Tipo de Menú
Agregar filtro por restricción alimentaria (parámetro repetible) [Backend],OC-128,10158,Subtask,Por hacer,OC,OllaCercana,software,DANIEL CAMILO MOSQUERA MARTINEZ,712020:e4492493-613d-4cf0-aa7f-038185bba789,,Medium,,JUAN MANUEL GARZON VIRACACHA,712020:84c2381e-0735-4ef1-8142-125bf6cf90b5,JUAN MANUEL GARZON VIRACACHA,712020:84c2381e-0735-4ef1-8142-125bf6cf90b5,JUAN MANUEL GARZON VIRACACHA,712020:84c2381e-0735-4ef1-8142-125bf6cf90b5,24/sep/26 6:12 PM,25/sep/26 10:33 AM,,,,0,"Descripción: {{GET /api/v1/platos/cercanos?restriccion=VEGETARIANO&restriccion=SIN_GLUTEN}}. Filtra platos que tengan todas las restricciones seleccionadas (lógica AND).
Done: el endpoint con dos restricciones retorna solo los platos compatibles. Captura.",,JUAN MANUEL GARZON VIRACACHA,,712020:84c2381e-0735-4ef1-8142-125bf6cf90b5,,,,,,,,,,,,,,,,,,,,,,,,,,,,,,,,,,,,,0|i000li:,,,Sprint 2 - OllaCercana,,,,{},,Por hacer,24/sep/26 6:12 PM,10053,OC-23,HU-07: Filtrar Platos por Tipo de Menú
Pruebas unitarias de filtros combinados [Backend],OC-129,10159,Subtask,Por hacer,OC,OllaCercana,software,DANIEL CAMILO MOSQUERA MARTINEZ,712020:e4492493-613d-4cf0-aa7f-038185bba789,,Medium,,JUAN MANUEL GARZON VIRACACHA,712020:84c2381e-0735-4ef1-8142-125bf6cf90b5,JUAN MANUEL GARZON VIRACACHA,712020:84c2381e-0735-4ef1-8142-125bf6cf90b5,JUAN MANUEL GARZON VIRACACHA,712020:84c2381e-0735-4ef1-8142-125bf6cf90b5,24/sep/26 6:12 PM,25/sep/26 10:33 AM,,,,0,"Descripción: Cubrir combinaciones: solo tipo, solo restricción, ambos, ninguno. Verificar que se aplica lógica AND.
Done: {{mvn test}} pasa. Captura.",,JUAN MANUEL GARZON VIRACACHA,,712020:84c2381e-0735-4ef1-8142-125bf6cf90b5,,,,,,,,,,,,,,,,,,,,,,,,,,,,,,,,,,,,,0|i000lq:,,,Sprint 2 - OllaCercana,,,,{},,Por hacer,24/sep/26 6:12 PM,10053,OC-23,HU-07: Filtrar Platos por Tipo de Menú
Implementar barra de filtros en React (chips horizontales) [Frontend],OC-130,10160,Subtask,Por hacer,OC,OllaCercana,software,DANIEL CAMILO MOSQUERA MARTINEZ,712020:e4492493-613d-4cf0-aa7f-038185bba789,,Medium,,JUAN MANUEL GARZON VIRACACHA,712020:84c2381e-0735-4ef1-8142-125bf6cf90b5,JUAN MANUEL GARZON VIRACACHA,712020:84c2381e-0735-4ef1-8142-125bf6cf90b5,JUAN MANUEL GARZON VIRACACHA,712020:84c2381e-0735-4ef1-8142-125bf6cf90b5,24/sep/26 6:12 PM,25/sep/26 10:34 AM,,,,0,"Descripción: Fila de chips horizontales con los tipos de comida y las restricciones. Múltiples seleccionables. Estilo tipo Rappi.
Done: los chips se ven y se pueden seleccionar. Captura.",,JUAN MANUEL GARZON VIRACACHA,,712020:84c2381e-0735-4ef1-8142-125bf6cf90b5,,,,,,,,,,,,,,,,,,,,,,,,,,,,,,,,,,,,,0|i000ly:,,,Sprint 2 - OllaCercana,,,,{},,Por hacer,24/sep/26 6:12 PM,10053,OC-23,HU-07: Filtrar Platos por Tipo de Menú
"Implementar botón ""Limpiar filtros"" [Frontend]",OC-131,10161,Subtask,Por hacer,OC,OllaCercana,software,DANIEL CAMILO MOSQUERA MARTINEZ,712020:e4492493-613d-4cf0-aa7f-038185bba789,,Medium,,JUAN MANUEL GARZON VIRACACHA,712020:84c2381e-0735-4ef1-8142-125bf6cf90b5,JUAN MANUEL GARZON VIRACACHA,712020:84c2381e-0735-4ef1-8142-125bf6cf90b5,JUAN MANUEL GARZON VIRACACHA,712020:84c2381e-0735-4ef1-8142-125bf6cf90b5,24/sep/26 6:12 PM,25/sep/26 10:34 AM,,,,0,"Descripción: Botón que deselecciona todos los filtros y recarga la lista sin filtros.
Done: al presionarlo, la lista vuelve al estado completo. Captura.",,JUAN MANUEL GARZON VIRACACHA,,712020:84c2381e-0735-4ef1-8142-125bf6cf90b5,,,,,,,,,,,,,,,,,,,,,,,,,,,,,,,,,,,,,0|i000m6:,,,Sprint 2 - OllaCercana,,,,{},,Por hacer,24/sep/26 6:12 PM,10053,OC-23,HU-07: Filtrar Platos por Tipo de Menú
Crear entidad Reserva + enum EstadoReserva + MedioPago [Backend],OC-132,10162,Subtask,Por hacer,OC,OllaCercana,software,DANIEL CAMILO MOSQUERA MARTINEZ,712020:e4492493-613d-4cf0-aa7f-038185bba789,,Medium,,DANIEL CAMILO MOSQUERA MARTINEZ,712020:e4492493-613d-4cf0-aa7f-038185bba789,JUAN MANUEL GARZON VIRACACHA,712020:84c2381e-0735-4ef1-8142-125bf6cf90b5,JUAN MANUEL GARZON VIRACACHA,712020:84c2381e-0735-4ef1-8142-125bf6cf90b5,24/sep/26 6:14 PM,24/sep/26 11:57 PM,,,,0,"Descripción: {{Reserva}} en {{model/entity/}} con: id, cantidadPorciones, montoTotal, medioPago, estado, fechaLimiteConfirmacion, notaComprador. Enum {{EstadoReserva}} (PENDIENTE, CONFIRMADA, RECHAZADA, EXPIRADA, CANCELADA, COMPLETADA). Enum {{MedioPago}} (EFECTIVO, NEQUI, DAVIPLATA).
Done: la tabla se crea al levantar la app. Captura.",,JUAN MANUEL GARZON VIRACACHA,,712020:84c2381e-0735-4ef1-8142-125bf6cf90b5,,,,,,,,,,,,,,,,,,,,,,,,,,,,,,,,,,,,,0|i000me:,,,Sprint 2 - OllaCercana,,,,{},,Por hacer,24/sep/26 6:14 PM,10057,OC-27,HU-11: Apartar Porciones de Comida Casera
Crear entidad EventoReserva + enum TipoEvento (patrón Observer) [Backend],OC-133,10163,Subtask,Por hacer,OC,OllaCercana,software,DANIEL CAMILO MOSQUERA MARTINEZ,712020:e4492493-613d-4cf0-aa7f-038185bba789,,Medium,,DANIEL CAMILO MOSQUERA MARTINEZ,712020:e4492493-613d-4cf0-aa7f-038185bba789,JUAN MANUEL GARZON VIRACACHA,712020:84c2381e-0735-4ef1-8142-125bf6cf90b5,JUAN MANUEL GARZON VIRACACHA,712020:84c2381e-0735-4ef1-8142-125bf6cf90b5,24/sep/26 6:14 PM,24/sep/26 11:57 PM,,,,0,"Descripción: {{EventoReserva}} con id, tipo, reservaId, platoId, timestamp y payload. Enum {{TipoEvento}} (RESERVA_CREADA, RESERVA_CONFIRMADA, RESERVA_RECHAZADA, RESERVA_CANCELADA, DISPONIBILIDAD_ACTUALIZADA, NUEVO_MENSAJE_CHAT, CALIFICACION_PUBLICADA). Base del patrón Observer para notificaciones.
Done: la tabla se crea y la relación con Reserva está documentada. Captura.",,JUAN MANUEL GARZON VIRACACHA,,712020:84c2381e-0735-4ef1-8142-125bf6cf90b5,,,,,,,,,,,,,,,,,,,,,,,,,,,,,,,,,,,,,0|i000mm:,,,Sprint 2 - OllaCercana,,,,{},,Por hacer,24/sep/26 6:14 PM,10057,OC-27,HU-11: Apartar Porciones de Comida Casera
Crear DTO ReservaRequest + ReservaResponse [Backend],OC-134,10164,Subtask,Por hacer,OC,OllaCercana,software,DANIEL CAMILO MOSQUERA MARTINEZ,712020:e4492493-613d-4cf0-aa7f-038185bba789,,Medium,,DANIEL CAMILO MOSQUERA MARTINEZ,712020:e4492493-613d-4cf0-aa7f-038185bba789,JUAN MANUEL GARZON VIRACACHA,712020:84c2381e-0735-4ef1-8142-125bf6cf90b5,JUAN MANUEL GARZON VIRACACHA,712020:84c2381e-0735-4ef1-8142-125bf6cf90b5,24/sep/26 6:14 PM,24/sep/26 11:57 PM,,,,0,"Descripción: {{ReservaRequestDTO}} con platoId, cantidad, medioPago y nota. {{ReservaResponseDTO}} con id, estado, monto, hora límite, plato y conjunto.
Done: Swagger muestra los schemas. Captura.",,JUAN MANUEL GARZON VIRACACHA,,712020:84c2381e-0735-4ef1-8142-125bf6cf90b5,,,,,,,,,,,,,,,,,,,,,,,,,,,,,,,,,,,,,0|i000mu:,,,Sprint 2 - OllaCercana,,,,{},,Por hacer,24/sep/26 6:14 PM,10057,OC-27,HU-11: Apartar Porciones de Comida Casera
Crear ReservaMapper + ReservaEntityMapper [Backend],OC-135,10165,Subtask,Por hacer,OC,OllaCercana,software,DANIEL CAMILO MOSQUERA MARTINEZ,712020:e4492493-613d-4cf0-aa7f-038185bba789,,Medium,,DANIEL CAMILO MOSQUERA MARTINEZ,712020:e4492493-613d-4cf0-aa7f-038185bba789,JUAN MANUEL GARZON VIRACACHA,712020:84c2381e-0735-4ef1-8142-125bf6cf90b5,JUAN MANUEL GARZON VIRACACHA,712020:84c2381e-0735-4ef1-8142-125bf6cf90b5,24/sep/26 6:15 PM,24/sep/26 11:57 PM,,,,0,"Descripción: Mappers MapStruct. Sin lógica manual.
Done: el proyecto compila. Captura.",,JUAN MANUEL GARZON VIRACACHA,,712020:84c2381e-0735-4ef1-8142-125bf6cf90b5,,,,,,,,,,,,,,,,,,,,,,,,,,,,,,,,,,,,,0|i000n2:,,,Sprint 2 - OllaCercana,,,,{},,Por hacer,24/sep/26 6:15 PM,10057,OC-27,HU-11: Apartar Porciones de Comida Casera
Crear ReservaRepository [Backend],OC-136,10166,Subtask,Por hacer,OC,OllaCercana,software,DANIEL CAMILO MOSQUERA MARTINEZ,712020:e4492493-613d-4cf0-aa7f-038185bba789,,Medium,,DANIEL CAMILO MOSQUERA MARTINEZ,712020:e4492493-613d-4cf0-aa7f-038185bba789,JUAN MANUEL GARZON VIRACACHA,712020:84c2381e-0735-4ef1-8142-125bf6cf90b5,JUAN MANUEL GARZON VIRACACHA,712020:84c2381e-0735-4ef1-8142-125bf6cf90b5,24/sep/26 6:15 PM,24/sep/26 11:57 PM,,,,0,"Descripción: Extender repositorio. Métodos: {{findByCompradorId(UUID)}}, {{findByEstadoAndFechaLimiteBefore(EstadoReserva, Date)}}, {{countByCompradorIdAndEstado(UUID, EstadoReserva)}}.
Done: los métodos retornan datos reales. Captura.",,JUAN MANUEL GARZON VIRACACHA,,712020:84c2381e-0735-4ef1-8142-125bf6cf90b5,,,,,,,,,,,,,,,,,,,,,,,,,,,,,,,,,,,,,0|i000na:,,,Sprint 2 - OllaCercana,,,,{},,Por hacer,24/sep/26 6:15 PM,10057,OC-27,HU-11: Apartar Porciones de Comida Casera
"Crear ReservaValidator (RN-14 no autorreserva, RN-15 máx 2 pendientes, RN-03 disponibles) [Backend]",OC-137,10167,Subtask,Por hacer,OC,OllaCercana,software,DANIEL CAMILO MOSQUERA MARTINEZ,712020:e4492493-613d-4cf0-aa7f-038185bba789,,Medium,,DANIEL CAMILO MOSQUERA MARTINEZ,712020:e4492493-613d-4cf0-aa7f-038185bba789,JUAN MANUEL GARZON VIRACACHA,712020:84c2381e-0735-4ef1-8142-125bf6cf90b5,JUAN MANUEL GARZON VIRACACHA,712020:84c2381e-0735-4ef1-8142-125bf6cf90b5,24/sep/26 6:15 PM,24/sep/26 11:57 PM,,,,0,"Descripción: Validar: (1) la cocinera no reserva su propio plato (RN-14), (2) el comprador tiene menos de 2 reservas Pendientes (RN-15), (3) hay porciones disponibles (RN-03).
Done: cada regla rechazada retorna el código correcto. Captura.",,JUAN MANUEL GARZON VIRACACHA,,712020:84c2381e-0735-4ef1-8142-125bf6cf90b5,,,,,,,,,,,,,,,,,,,,,,,,,,,,,,,,,,,,,0|i000ni:,,,Sprint 2 - OllaCercana,,,,{},,Por hacer,24/sep/26 6:15 PM,10057,OC-27,HU-11: Apartar Porciones de Comida Casera
Crear ReservaService.crear() con transacción y descuento atómico [Backend],OC-138,10168,Subtask,Por hacer,OC,OllaCercana,software,DANIEL CAMILO MOSQUERA MARTINEZ,712020:e4492493-613d-4cf0-aa7f-038185bba789,,Medium,,DANIEL CAMILO MOSQUERA MARTINEZ,712020:e4492493-613d-4cf0-aa7f-038185bba789,JUAN MANUEL GARZON VIRACACHA,712020:84c2381e-0735-4ef1-8142-125bf6cf90b5,JUAN MANUEL GARZON VIRACACHA,712020:84c2381e-0735-4ef1-8142-125bf6cf90b5,24/sep/26 6:15 PM,24/sep/26 11:57 PM,,,,0,"Descripción: Método {{crear(Reserva)}}: valida, descuenta las porciones del plato en una transacción atómica, calcula el monto (RN-33) y la hora límite (+10 min). Retorna la reserva Pendiente.
Done: prueba que crea la reserva y descuenta las porciones en la misma transacción. Captura.",,JUAN MANUEL GARZON VIRACACHA,,712020:84c2381e-0735-4ef1-8142-125bf6cf90b5,,,,,,,,,,,,,,,,,,,,,,,,,,,,,,,,,,,,,0|i000nq:,,,Sprint 2 - OllaCercana,,,,{},,Por hacer,24/sep/26 6:15 PM,10057,OC-27,HU-11: Apartar Porciones de Comida Casera
Implementar @Transactional y bloqueo optimista (RN-16) [Backend],OC-139,10169,Subtask,Por hacer,OC,OllaCercana,software,DANIEL CAMILO MOSQUERA MARTINEZ,712020:e4492493-613d-4cf0-aa7f-038185bba789,,Medium,,DANIEL CAMILO MOSQUERA MARTINEZ,712020:e4492493-613d-4cf0-aa7f-038185bba789,JUAN MANUEL GARZON VIRACACHA,712020:84c2381e-0735-4ef1-8142-125bf6cf90b5,JUAN MANUEL GARZON VIRACACHA,712020:84c2381e-0735-4ef1-8142-125bf6cf90b5,24/sep/26 6:16 PM,24/sep/26 11:57 PM,,,,0,"Descripción: Anotar el método {{crear()}} con {{@Transactional}}. Usar {{@Version}} en la entidad Plato para asegurar que dos reservas simultáneas no vendan la misma porción. El servidor es la fuente de verdad (RN-16).
Done: prueba de concurrencia: dos reservas simultáneas sobre 1 porción, una gana y la otra falla con 409. Captura.",,JUAN MANUEL GARZON VIRACACHA,,712020:84c2381e-0735-4ef1-8142-125bf6cf90b5,,,,,,,,,,,,,,,,,,,,,,,,,,,,,,,,,,,,,0|i000ny:,,,Sprint 2 - OllaCercana,,,,{},,Por hacer,24/sep/26 6:16 PM,10057,OC-27,HU-11: Apartar Porciones de Comida Casera
Crear ReservaController + ReservaApi [Backend],OC-140,10170,Subtask,Por hacer,OC,OllaCercana,software,DANIEL CAMILO MOSQUERA MARTINEZ,712020:e4492493-613d-4cf0-aa7f-038185bba789,,Medium,,DANIEL CAMILO MOSQUERA MARTINEZ,712020:e4492493-613d-4cf0-aa7f-038185bba789,JUAN MANUEL GARZON VIRACACHA,712020:84c2381e-0735-4ef1-8142-125bf6cf90b5,JUAN MANUEL GARZON VIRACACHA,712020:84c2381e-0735-4ef1-8142-125bf6cf90b5,24/sep/26 6:17 PM,24/sep/26 11:57 PM,,,,0,"Descripción: {{POST /api/v1/reservas}}. Recibe ReservaRequestDTO con {{@Valid}}. Retorna 201 con la reserva. Códigos posibles: 201, 400, 404, 409, 422.
Done: el endpoint aparece en Swagger. Captura.",,JUAN MANUEL GARZON VIRACACHA,,712020:84c2381e-0735-4ef1-8142-125bf6cf90b5,,,,,,,,,,,,,,,,,,,,,,,,,,,,,,,,,,,,,0|i000o6:,,,Sprint 2 - OllaCercana,,,,{},,Por hacer,24/sep/26 6:17 PM,10057,OC-27,HU-11: Apartar Porciones de Comida Casera
Pruebas unitarias incluyendo concurrencia [Backend],OC-141,10171,Subtask,Por hacer,OC,OllaCercana,software,DANIEL CAMILO MOSQUERA MARTINEZ,712020:e4492493-613d-4cf0-aa7f-038185bba789,,Medium,,DANIEL CAMILO MOSQUERA MARTINEZ,712020:e4492493-613d-4cf0-aa7f-038185bba789,JUAN MANUEL GARZON VIRACACHA,712020:84c2381e-0735-4ef1-8142-125bf6cf90b5,JUAN MANUEL GARZON VIRACACHA,712020:84c2381e-0735-4ef1-8142-125bf6cf90b5,24/sep/26 6:17 PM,24/sep/26 11:57 PM,,,,0,"Descripción: Cubrir {{crear()}}: happy path, 404 (plato no existe), 409 (sin porciones), 422 (regla de negocio), y concurrencia (dos reservas sobre la última porción).
Done: {{mvn test}} pasa con los escenarios. Captura.",,JUAN MANUEL GARZON VIRACACHA,,712020:84c2381e-0735-4ef1-8142-125bf6cf90b5,,,,,,,,,,,,,,,,,,,,,,,,,,,,,,,,,,,,,0|i000oe:,,,Sprint 2 - OllaCercana,,,,{},,Por hacer,24/sep/26 6:17 PM,10057,OC-27,HU-11: Apartar Porciones de Comida Casera
Maquetar pantalla Detalle de Plato [Frontend],OC-142,10172,Subtask,Por hacer,OC,OllaCercana,software,DANIEL CAMILO MOSQUERA MARTINEZ,712020:e4492493-613d-4cf0-aa7f-038185bba789,,Medium,,SANTIAGO ANDRES GARCIA ALMARIO,712020:f9bcdea1-27db-40ca-b0a1-390105e50fcf,JUAN MANUEL GARZON VIRACACHA,712020:84c2381e-0735-4ef1-8142-125bf6cf90b5,JUAN MANUEL GARZON VIRACACHA,712020:84c2381e-0735-4ef1-8142-125bf6cf90b5,24/sep/26 6:17 PM,24/sep/26 11:57 PM,,,,0,"Descripción: foto, nombre, precio, porciones disponibles, selector de cantidad (1–5), botón ""Reservar"".
Done: el formulario se ve y valida los campos. Captura.",,JUAN MANUEL GARZON VIRACACHA,,712020:84c2381e-0735-4ef1-8142-125bf6cf90b5,,,,,,,,,,,,,,,,,,,,,,,,,,,,,,,,,,,,,0|i000om:,,,Sprint 2 - OllaCercana,,,,{},,Por hacer,24/sep/26 6:17 PM,10057,OC-27,HU-11: Apartar Porciones de Comida Casera
"Implementar flujo ""Confirmar reserva"" con hora y medio de pago [Frontend]",OC-143,10173,Subtask,Por hacer,OC,OllaCercana,software,DANIEL CAMILO MOSQUERA MARTINEZ,712020:e4492493-613d-4cf0-aa7f-038185bba789,,Medium,,SANTIAGO ANDRES GARCIA ALMARIO,712020:f9bcdea1-27db-40ca-b0a1-390105e50fcf,JUAN MANUEL GARZON VIRACACHA,712020:84c2381e-0735-4ef1-8142-125bf6cf90b5,JUAN MANUEL GARZON VIRACACHA,712020:84c2381e-0735-4ef1-8142-125bf6cf90b5,24/sep/26 6:17 PM,24/sep/26 11:57 PM,,,,0,"Descripción: Formulario que aparece al presionar ""Reservar"": selecciona hora de recogida, medio de pago (Efectivo, Nequi, Daviplata) y acepta términos. Botón ""Reservar"".
Done: el formulario se ve y valida los campos. Captura.",,JUAN MANUEL GARZON VIRACACHA,,712020:84c2381e-0735-4ef1-8142-125bf6cf90b5,,,,,,,,,,,,,,,,,,,,,,,,,,,,,,,,,,,,,0|i000ou:,,,Sprint 2 - OllaCercana,,,,{},,Por hacer,24/sep/26 6:17 PM,10057,OC-27,HU-11: Apartar Porciones de Comida Casera
Mostrar cuenta regresiva de 10 minutos [Frontend],OC-144,10174,Subtask,Por hacer,OC,OllaCercana,software,DANIEL CAMILO MOSQUERA MARTINEZ,712020:e4492493-613d-4cf0-aa7f-038185bba789,,Medium,,SANTIAGO ANDRES GARCIA ALMARIO,712020:f9bcdea1-27db-40ca-b0a1-390105e50fcf,JUAN MANUEL GARZON VIRACACHA,712020:84c2381e-0735-4ef1-8142-125bf6cf90b5,JUAN MANUEL GARZON VIRACACHA,712020:84c2381e-0735-4ef1-8142-125bf6cf90b5,24/sep/26 6:17 PM,24/sep/26 11:57 PM,,,,0,"Descripción: Después de crear la reserva, mostrar una cuenta regresiva de 10 minutos hasta que la cocinera confirme. Si expira, mostrar mensaje y liberar las porciones.
Done: la cuenta regresiva se ve y avanza. Captura.",,JUAN MANUEL GARZON VIRACACHA,,712020:84c2381e-0735-4ef1-8142-125bf6cf90b5,,,,,,,,,,,,,,,,,,,,,,,,,,,,,,,,,,,,,0|i000p2:,,,Sprint 2 - OllaCercana,,,,{},,Por hacer,24/sep/26 6:17 PM,10057,OC-27,HU-11: Apartar Porciones de Comida Casera
Crear DTO DecisionReservaRequest (CONFIRMAR/RECHAZAR + motivo) [Backend],OC-145,10175,Subtask,Por hacer,OC,OllaCercana,software,DANIEL CAMILO MOSQUERA MARTINEZ,712020:e4492493-613d-4cf0-aa7f-038185bba789,,Medium,,Julian Morales,712020:c5509a24-ee65-4504-8f07-5f8d0b5b7be1,JUAN MANUEL GARZON VIRACACHA,712020:84c2381e-0735-4ef1-8142-125bf6cf90b5,JUAN MANUEL GARZON VIRACACHA,712020:84c2381e-0735-4ef1-8142-125bf6cf90b5,24/sep/26 6:19 PM,25/sep/26 12:00 AM,,,,0,"Descripción: {{DecisionReservaRequestDTO}} con decisión (CONFIRMAR/RECHAZAR), motivo de rechazo (enum) y comentario (máx 150 caracteres, obligatorio si el motivo es OTRO).
Done: Swagger muestra el schema. Captura.",,JUAN MANUEL GARZON VIRACACHA,,712020:84c2381e-0735-4ef1-8142-125bf6cf90b5,,,,,,,,,,,,,,,,,,,,,,,,,,,,,,,,,,,,,0|i000pa:,,,Sprint 2 - OllaCercana,,,,{},,Por hacer,24/sep/26 6:19 PM,10058,OC-28,HU-12: Aceptar o Rechazar Solicitudes de Reserva
Implementar ReservaService.confirmar() [Backend],OC-146,10176,Subtask,Por hacer,OC,OllaCercana,software,DANIEL CAMILO MOSQUERA MARTINEZ,712020:e4492493-613d-4cf0-aa7f-038185bba789,,Medium,,Julian Morales,712020:c5509a24-ee65-4504-8f07-5f8d0b5b7be1,JUAN MANUEL GARZON VIRACACHA,712020:84c2381e-0735-4ef1-8142-125bf6cf90b5,JUAN MANUEL GARZON VIRACACHA,712020:84c2381e-0735-4ef1-8142-125bf6cf90b5,24/sep/26 6:19 PM,25/sep/26 12:00 AM,,,,0,"Descripción: Método {{confirmar(reservaId, horaEstimada)}}: cambia el estado a CONFIRMADA, conserva las porciones descontadas y habilita el chat.
Done: prueba que confirma la reserva. Captura.",,JUAN MANUEL GARZON VIRACACHA,,712020:84c2381e-0735-4ef1-8142-125bf6cf90b5,,,,,,,,,,,,,,,,,,,,,,,,,,,,,,,,,,,,,0|i000pi:,,,Sprint 2 - OllaCercana,,,,{},,Por hacer,24/sep/26 6:19 PM,10058,OC-28,HU-12: Aceptar o Rechazar Solicitudes de Reserva
Implementar ReservaService.rechazar() con liberación de porciones [Backend],OC-147,10177,Subtask,Por hacer,OC,OllaCercana,software,DANIEL CAMILO MOSQUERA MARTINEZ,712020:e4492493-613d-4cf0-aa7f-038185bba789,,Medium,,Julian Morales,712020:c5509a24-ee65-4504-8f07-5f8d0b5b7be1,JUAN MANUEL GARZON VIRACACHA,712020:84c2381e-0735-4ef1-8142-125bf6cf90b5,JUAN MANUEL GARZON VIRACACHA,712020:84c2381e-0735-4ef1-8142-125bf6cf90b5,24/sep/26 6:34 PM,25/sep/26 12:00 AM,,,,0,"Descripción: Método {{rechazar(reservaId, motivo, comentario)}}: cambia el estado a RECHAZADA y devuelve las porciones al plato (RN-03).
Done: prueba que rechaza y verifica que las porciones vuelven. Captura.",,JUAN MANUEL GARZON VIRACACHA,,712020:84c2381e-0735-4ef1-8142-125bf6cf90b5,,,,,,,,,,,,,,,,,,,,,,,,,,,,,,,,,,,,,0|i000pq:,,,Sprint 2 - OllaCercana,,,,{},,Por hacer,24/sep/26 6:34 PM,10058,OC-28,HU-12: Aceptar o Rechazar Solicitudes de Reserva
Programar tarea @Scheduled de expiración a los 10 min (RN-04) [Backend],OC-148,10178,Subtask,Por hacer,OC,OllaCercana,software,DANIEL CAMILO MOSQUERA MARTINEZ,712020:e4492493-613d-4cf0-aa7f-038185bba789,,Medium,,Julian Morales,712020:c5509a24-ee65-4504-8f07-5f8d0b5b7be1,JUAN MANUEL GARZON VIRACACHA,712020:84c2381e-0735-4ef1-8142-125bf6cf90b5,JUAN MANUEL GARZON VIRACACHA,712020:84c2381e-0735-4ef1-8142-125bf6cf90b5,24/sep/26 6:34 PM,25/sep/26 12:00 AM,,,,0,"Descripción: Tarea programada con {{@Scheduled}} que cada minuto revisa reservas Pendientes cuya hora límite ya pasó y las marca como EXPIRADAS, devolviendo las porciones (RN-04).
Done: prueba que crea una reserva con hora límite pasada y verifica que se expira. Captura.",,JUAN MANUEL GARZON VIRACACHA,,712020:84c2381e-0735-4ef1-8142-125bf6cf90b5,,,,,,,,,,,,,,,,,,,,,,,,,,,,,,,,,,,,,0|i000py:,,,Sprint 2 - OllaCercana,,,,{},,Por hacer,24/sep/26 6:34 PM,10058,OC-28,HU-12: Aceptar o Rechazar Solicitudes de Reserva
Implementar recordatorio a los 7 min (RN-25) [Backend],OC-149,10179,Subtask,Por hacer,OC,OllaCercana,software,DANIEL CAMILO MOSQUERA MARTINEZ,712020:e4492493-613d-4cf0-aa7f-038185bba789,,Medium,,Julian Morales,712020:c5509a24-ee65-4504-8f07-5f8d0b5b7be1,JUAN MANUEL GARZON VIRACACHA,712020:84c2381e-0735-4ef1-8142-125bf6cf90b5,JUAN MANUEL GARZON VIRACACHA,712020:84c2381e-0735-4ef1-8142-125bf6cf90b5,24/sep/26 6:36 PM,25/sep/26 12:00 AM,,,,0,"Descripción: Tarea programada que a los 7 minutos de creada una reserva Pendiente envía un recordatorio a la cocinera si no ha respondido.
Done: prueba que verifica el envío del recordatorio. Captura.",,JUAN MANUEL GARZON VIRACACHA,,712020:84c2381e-0735-4ef1-8142-125bf6cf90b5,,,,,,,,,,,,,,,,,,,,,,,,,,,,,,,,,,,,,0|i000q6:,,,Sprint 2 - OllaCercana,,,,{},,Por hacer,24/sep/26 6:36 PM,10058,OC-28,HU-12: Aceptar o Rechazar Solicitudes de Reserva
Crear endpoint PATCH /api/v1/reservas/{id}/decision [Backend],OC-150,10180,Subtask,Por hacer,OC,OllaCercana,software,DANIEL CAMILO MOSQUERA MARTINEZ,712020:e4492493-613d-4cf0-aa7f-038185bba789,,Medium,,Julian Morales,712020:c5509a24-ee65-4504-8f07-5f8d0b5b7be1,JUAN MANUEL GARZON VIRACACHA,712020:84c2381e-0735-4ef1-8142-125bf6cf90b5,JUAN MANUEL GARZON VIRACACHA,712020:84c2381e-0735-4ef1-8142-125bf6cf90b5,24/sep/26 6:36 PM,25/sep/26 12:00 AM,,,,0,"Descripción: {{PATCH /api/v1/reservas/{id}/decision}}. Recibe DecisionReservaRequestDTO con {{@Valid}}. Retorna 200 con la reserva actualizada.
Done: el endpoint aparece en Swagger. Captura.",,JUAN MANUEL GARZON VIRACACHA,,712020:84c2381e-0735-4ef1-8142-125bf6cf90b5,,,,,,,,,,,,,,,,,,,,,,,,,,,,,,,,,,,,,0|i000qe:,,,Sprint 2 - OllaCercana,,,,{},,Por hacer,24/sep/26 6:36 PM,10058,OC-28,HU-12: Aceptar o Rechazar Solicitudes de Reserva
"Pruebas unitarias de confirmación, rechazo y expiración [Backend]",OC-151,10181,Subtask,Por hacer,OC,OllaCercana,software,DANIEL CAMILO MOSQUERA MARTINEZ,712020:e4492493-613d-4cf0-aa7f-038185bba789,,Medium,,Julian Morales,712020:c5509a24-ee65-4504-8f07-5f8d0b5b7be1,JUAN MANUEL GARZON VIRACACHA,712020:84c2381e-0735-4ef1-8142-125bf6cf90b5,JUAN MANUEL GARZON VIRACACHA,712020:84c2381e-0735-4ef1-8142-125bf6cf90b5,24/sep/26 6:36 PM,25/sep/26 12:00 AM,,,,0,"Descripción: Cubrir {{confirmar()}}, {{rechazar()}} y la expiración automática. Verificar que al rechazar se devuelven las porciones.
Done: {{mvn test}} pasa. Captura.",,JUAN MANUEL GARZON VIRACACHA,,712020:84c2381e-0735-4ef1-8142-125bf6cf90b5,,,,,,,,,,,,,,,,,,,,,,,,,,,,,,,,,,,,,0|i000qm:,,,Sprint 2 - OllaCercana,,,,{},,Por hacer,24/sep/26 6:36 PM,10058,OC-28,HU-12: Aceptar o Rechazar Solicitudes de Reserva
Maquetar pantalla Solicitudes pendientes [Frontend],OC-152,10182,Subtask,Por hacer,OC,OllaCercana,software,DANIEL CAMILO MOSQUERA MARTINEZ,712020:e4492493-613d-4cf0-aa7f-038185bba789,,Medium,,KEVIN ANDREY ANGEL ACEVEDO,712020:65526efc-d88c-48f5-8803-19c44f616933,JUAN MANUEL GARZON VIRACACHA,712020:84c2381e-0735-4ef1-8142-125bf6cf90b5,JUAN MANUEL GARZON VIRACACHA,712020:84c2381e-0735-4ef1-8142-125bf6cf90b5,24/sep/26 6:36 PM,25/sep/26 12:01 AM,,,,0,"Descripción: Componente con lista de reservas Pendientes. Cada una muestra plato, cantidad, comprador, medio de pago y tiempo restante.
Done: la pantalla se ve con solicitudes. Captura.",,JUAN MANUEL GARZON VIRACACHA,,712020:84c2381e-0735-4ef1-8142-125bf6cf90b5,,,,,,,,,,,,,,,,,,,,,,,,,,,,,,,,,,,,,0|i000qu:,,,Sprint 2 - OllaCercana,,,,{},,Por hacer,24/sep/26 6:36 PM,10058,OC-28,HU-12: Aceptar o Rechazar Solicitudes de Reserva
Implementar formulario de decisión con motivo de rechazo [Frontend],OC-153,10183,Subtask,Por hacer,OC,OllaCercana,software,DANIEL CAMILO MOSQUERA MARTINEZ,712020:e4492493-613d-4cf0-aa7f-038185bba789,,Medium,,KEVIN ANDREY ANGEL ACEVEDO,712020:65526efc-d88c-48f5-8803-19c44f616933,JUAN MANUEL GARZON VIRACACHA,712020:84c2381e-0735-4ef1-8142-125bf6cf90b5,JUAN MANUEL GARZON VIRACACHA,712020:84c2381e-0735-4ef1-8142-125bf6cf90b5,24/sep/26 6:37 PM,25/sep/26 12:01 AM,,,,0,"Descripción: Formulario con botones ""Confirmar"" y ""Rechazar"". Si se rechaza, se abre un selector de motivo (SIN_PORCIONES, NO_ALCANZO_A_ENTREGAR, PEDIDO_INCOMPATIBLE, OTRO) y un campo de comentario.
Done: el formulario se ve y valida los campos. Captura.",,JUAN MANUEL GARZON VIRACACHA,,712020:84c2381e-0735-4ef1-8142-125bf6cf90b5,,,,,,,,,,,,,,,,,,,,,,,,,,,,,,,,,,,,,0|i000r2:,,,Sprint 2 - OllaCercana,,,,{},,Por hacer,24/sep/26 6:37 PM,10058,OC-28,HU-12: Aceptar o Rechazar Solicitudes de Reserva
Mostrar tiempo restante en la tarjeta de solicitud [Frontend],OC-154,10184,Subtask,Por hacer,OC,OllaCercana,software,DANIEL CAMILO MOSQUERA MARTINEZ,712020:e4492493-613d-4cf0-aa7f-038185bba789,,Medium,,KEVIN ANDREY ANGEL ACEVEDO,712020:65526efc-d88c-48f5-8803-19c44f616933,JUAN MANUEL GARZON VIRACACHA,712020:84c2381e-0735-4ef1-8142-125bf6cf90b5,JUAN MANUEL GARZON VIRACACHA,712020:84c2381e-0735-4ef1-8142-125bf6cf90b5,24/sep/26 6:37 PM,25/sep/26 12:01 AM,,,,0,"Descripción: Cada solicitud Pendiente muestra una cuenta regresiva con el tiempo restante para confirmarla.
Done: la cuenta regresiva se ve y avanza. Captura.",,JUAN MANUEL GARZON VIRACACHA,,712020:84c2381e-0735-4ef1-8142-125bf6cf90b5,,,,,,,,,,,,,,,,,,,,,,,,,,,,,,,,,,,,,0|i000ra:,,,Sprint 2 - OllaCercana,,,,{},,Por hacer,24/sep/26 6:37 PM,10058,OC-28,HU-12: Aceptar o Rechazar Solicitudes de Reserva
Crear DTO CierreTransaccionRequest [Backend],OC-155,10185,Subtask,Por hacer,OC,OllaCercana,software,DANIEL CAMILO MOSQUERA MARTINEZ,712020:e4492493-613d-4cf0-aa7f-038185bba789,,Medium,,Julian Morales,712020:c5509a24-ee65-4504-8f07-5f8d0b5b7be1,JUAN MANUEL GARZON VIRACACHA,712020:84c2381e-0735-4ef1-8142-125bf6cf90b5,JUAN MANUEL GARZON VIRACACHA,712020:84c2381e-0735-4ef1-8142-125bf6cf90b5,24/sep/26 6:38 PM,25/sep/26 12:02 AM,,,,0,"Descripción: {{CierreTransaccionRequestDTO}} con confirmación de entrega (booleano), confirmación de pago (booleano) y comentario opcional (máx 150 caracteres).
Done: Swagger muestra el schema. Captura.",,JUAN MANUEL GARZON VIRACACHA,,712020:84c2381e-0735-4ef1-8142-125bf6cf90b5,,,,,,,,,,,,,,,,,,,,,,,,,,,,,,,,,,,,,0|i000ri:,,,Sprint 2 - OllaCercana,,,,{},,Por hacer,24/sep/26 6:38 PM,10077,OC-47,HU-23: Confirmar Entrega y Cerrar Transaccion
Agregar método ReservaService.completar() [Backend],OC-156,10186,Subtask,Por hacer,OC,OllaCercana,software,DANIEL CAMILO MOSQUERA MARTINEZ,712020:e4492493-613d-4cf0-aa7f-038185bba789,,Medium,,Julian Morales,712020:c5509a24-ee65-4504-8f07-5f8d0b5b7be1,JUAN MANUEL GARZON VIRACACHA,712020:84c2381e-0735-4ef1-8142-125bf6cf90b5,JUAN MANUEL GARZON VIRACACHA,712020:84c2381e-0735-4ef1-8142-125bf6cf90b5,24/sep/26 6:39 PM,25/sep/26 12:02 AM,,,,0,"Descripción: Método {{completar(reservaId)}}: verifica que la reserva esté Confirmada, cambia a COMPLETADA, cierra el chat en solo lectura y habilita la calificación.
Done: prueba que completa la reserva y verifica el cambio de estado. Captura.",,JUAN MANUEL GARZON VIRACACHA,,712020:84c2381e-0735-4ef1-8142-125bf6cf90b5,,,,,,,,,,,,,,,,,,,,,,,,,,,,,,,,,,,,,0|i000rq:,,,Sprint 2 - OllaCercana,,,,{},,Por hacer,24/sep/26 6:39 PM,10077,OC-47,HU-23: Confirmar Entrega y Cerrar Transaccion
Implementar expiración automática a las 24h si no confirman [Backend],OC-157,10187,Subtask,Por hacer,OC,OllaCercana,software,DANIEL CAMILO MOSQUERA MARTINEZ,712020:e4492493-613d-4cf0-aa7f-038185bba789,,Medium,,Julian Morales,712020:c5509a24-ee65-4504-8f07-5f8d0b5b7be1,JUAN MANUEL GARZON VIRACACHA,712020:84c2381e-0735-4ef1-8142-125bf6cf90b5,JUAN MANUEL GARZON VIRACACHA,712020:84c2381e-0735-4ef1-8142-125bf6cf90b5,24/sep/26 6:39 PM,25/sep/26 12:02 AM,,,,0,"Descripción: Tarea programada que revisa reservas Confirmadas sin cierre después de 24 horas y las completa automáticamente.
Done: prueba que verifica el cierre automático. Captura.",,JUAN MANUEL GARZON VIRACACHA,,712020:84c2381e-0735-4ef1-8142-125bf6cf90b5,,,,,,,,,,,,,,,,,,,,,,,,,,,,,,,,,,,,,0|i000ry:,,,Sprint 2 - OllaCercana,,,,{},,Por hacer,24/sep/26 6:39 PM,10077,OC-47,HU-23: Confirmar Entrega y Cerrar Transaccion
Bloquear cierre si existe Reporte Abierto (OC-34) [Backend],OC-158,10188,Subtask,Por hacer,OC,OllaCercana,software,DANIEL CAMILO MOSQUERA MARTINEZ,712020:e4492493-613d-4cf0-aa7f-038185bba789,,Medium,,Julian Morales,712020:c5509a24-ee65-4504-8f07-5f8d0b5b7be1,JUAN MANUEL GARZON VIRACACHA,712020:84c2381e-0735-4ef1-8142-125bf6cf90b5,JUAN MANUEL GARZON VIRACACHA,712020:84c2381e-0735-4ef1-8142-125bf6cf90b5,24/sep/26 6:39 PM,25/sep/26 12:02 AM,,,,0,"Descripción: Al intentar completar una reserva, verificar que no exista un Reporte con estado ABIERTO sobre esa reserva. Si existe, lanzar {{ReglaDeNegocioException}} (422).
Done: prueba con reporte abierto retorna 422. Captura.",,JUAN MANUEL GARZON VIRACACHA,,712020:84c2381e-0735-4ef1-8142-125bf6cf90b5,,,,,,,,,,,,,,,,,,,,,,,,,,,,,,,,,,,,,0|i000s6:,,,Sprint 2 - OllaCercana,,,,{},,Por hacer,24/sep/26 6:39 PM,10077,OC-47,HU-23: Confirmar Entrega y Cerrar Transaccion
Actualizar EstadoChat a SOLO_LECTURA al completar (RN-17) [Backend],OC-159,10189,Subtask,Por hacer,OC,OllaCercana,software,DANIEL CAMILO MOSQUERA MARTINEZ,712020:e4492493-613d-4cf0-aa7f-038185bba789,,Medium,,Julian Morales,712020:c5509a24-ee65-4504-8f07-5f8d0b5b7be1,JUAN MANUEL GARZON VIRACACHA,712020:84c2381e-0735-4ef1-8142-125bf6cf90b5,JUAN MANUEL GARZON VIRACACHA,712020:84c2381e-0735-4ef1-8142-125bf6cf90b5,24/sep/26 6:39 PM,25/sep/26 12:02 AM,,,,0,"Descripción: Al completar una reserva, cambiar el estado del chat relacionado a SOLO_LECTURA para que no se puedan enviar nuevos mensajes (RN-17).
Done: prueba que verifica el cambio de estado del chat. Captura.",,JUAN MANUEL GARZON VIRACACHA,,712020:84c2381e-0735-4ef1-8142-125bf6cf90b5,,,,,,,,,,,,,,,,,,,,,,,,,,,,,,,,,,,,,0|i000se:,,,Sprint 2 - OllaCercana,,,,{},,Por hacer,24/sep/26 6:39 PM,10077,OC-47,HU-23: Confirmar Entrega y Cerrar Transaccion
Crear endpoint POST /api/v1/reservas/{id}/completar [Backend],OC-160,10190,Subtask,Por hacer,OC,OllaCercana,software,DANIEL CAMILO MOSQUERA MARTINEZ,712020:e4492493-613d-4cf0-aa7f-038185bba789,,Medium,,Julian Morales,712020:c5509a24-ee65-4504-8f07-5f8d0b5b7be1,JUAN MANUEL GARZON VIRACACHA,712020:84c2381e-0735-4ef1-8142-125bf6cf90b5,JUAN MANUEL GARZON VIRACACHA,712020:84c2381e-0735-4ef1-8142-125bf6cf90b5,24/sep/26 6:40 PM,25/sep/26 12:02 AM,,,,0,"Descripción: {{POST /api/v1/reservas/{id}/completar}}. Recibe CierreTransaccionRequestDTO con {{@Valid}}. Retorna 200 con la reserva Completada.
Done: el endpoint aparece en Swagger. Captura.",,JUAN MANUEL GARZON VIRACACHA,,712020:84c2381e-0735-4ef1-8142-125bf6cf90b5,,,,,,,,,,,,,,,,,,,,,,,,,,,,,,,,,,,,,0|i000sm:,,,Sprint 2 - OllaCercana,,,,{},,Por hacer,24/sep/26 6:40 PM,10077,OC-47,HU-23: Confirmar Entrega y Cerrar Transaccion
Pruebas unitarias de cierre completo [Backend],OC-161,10191,Subtask,Por hacer,OC,OllaCercana,software,DANIEL CAMILO MOSQUERA MARTINEZ,712020:e4492493-613d-4cf0-aa7f-038185bba789,,Medium,,Julian Morales,712020:c5509a24-ee65-4504-8f07-5f8d0b5b7be1,JUAN MANUEL GARZON VIRACACHA,712020:84c2381e-0735-4ef1-8142-125bf6cf90b5,JUAN MANUEL GARZON VIRACACHA,712020:84c2381e-0735-4ef1-8142-125bf6cf90b5,24/sep/26 6:40 PM,25/sep/26 12:02 AM,,,,0,"Descripción: Cubrir {{completar()}}: happy path, 404 (reserva no existe), 422 (reserva no está Confirmada), 422 (reporte abierto), y verificar el cambio de estado del chat.
Done: {{mvn test}} pasa. Captura.",,JUAN MANUEL GARZON VIRACACHA,,712020:84c2381e-0735-4ef1-8142-125bf6cf90b5,,,,,,,,,,,,,,,,,,,,,,,,,,,,,,,,,,,,,0|i000su:,,,Sprint 2 - OllaCercana,,,,{},,Por hacer,24/sep/26 6:40 PM,10077,OC-47,HU-23: Confirmar Entrega y Cerrar Transaccion
Maquetar pantalla de cierre de entrega en React [Frontend],OC-162,10192,Subtask,Por hacer,OC,OllaCercana,software,DANIEL CAMILO MOSQUERA MARTINEZ,712020:e4492493-613d-4cf0-aa7f-038185bba789,,Medium,,KEVIN ANDREY ANGEL ACEVEDO,712020:65526efc-d88c-48f5-8803-19c44f616933,JUAN MANUEL GARZON VIRACACHA,712020:84c2381e-0735-4ef1-8142-125bf6cf90b5,JUAN MANUEL GARZON VIRACACHA,712020:84c2381e-0735-4ef1-8142-125bf6cf90b5,24/sep/26 6:40 PM,25/sep/26 12:02 AM,,,,0,"Descripción: Componente de confirmación de entrega con los checkboxes ""Entregado"" y ""Pagado"", y botón ""Confirmar cierre"".
Done: la pantalla se ve. Captura.",,JUAN MANUEL GARZON VIRACACHA,,712020:84c2381e-0735-4ef1-8142-125bf6cf90b5,,,,,,,,,,,,,,,,,,,,,,,,,,,,,,,,,,,,,0|i000t2:,,,Sprint 2 - OllaCercana,,,,{},,Por hacer,24/sep/26 6:40 PM,10077,OC-47,HU-23: Confirmar Entrega y Cerrar Transaccion
Implementar confirmación doble (comprador + cocinera) [Frontend],OC-163,10193,Subtask,Por hacer,OC,OllaCercana,software,DANIEL CAMILO MOSQUERA MARTINEZ,712020:e4492493-613d-4cf0-aa7f-038185bba789,,Medium,,KEVIN ANDREY ANGEL ACEVEDO,712020:65526efc-d88c-48f5-8803-19c44f616933,JUAN MANUEL GARZON VIRACACHA,712020:84c2381e-0735-4ef1-8142-125bf6cf90b5,JUAN MANUEL GARZON VIRACACHA,712020:84c2381e-0735-4ef1-8142-125bf6cf90b5,24/sep/26 6:40 PM,25/sep/26 12:02 AM,,,,0,"Descripción: La reserva se completa solo cuando ambas partes han confirmado la entrega. Si una parte confirma, la otra ve un aviso de ""Confirmación pendiente"". Si pasan 24h sin la segunda confirmación, se cierra automáticamente.
Done: prueba que verifica el flujo con ambas confirmaciones y con una sola. Captura.",,JUAN MANUEL GARZON VIRACACHA,,712020:84c2381e-0735-4ef1-8142-125bf6cf90b5,,,,,,,,,,,,,,,,,,,,,,,,,,,,,,,,,,,,,0|i000ta:,,,Sprint 2 - OllaCercana,,,,{},,Por hacer,24/sep/26 6:40 PM,10077,OC-47,HU-23: Confirmar Entrega y Cerrar Transaccion
"Mostrar mensaje ""Transacción completada"" con opción de calificar [Frontend]",OC-164,10194,Subtask,Por hacer,OC,OllaCercana,software,DANIEL CAMILO MOSQUERA MARTINEZ,712020:e4492493-613d-4cf0-aa7f-038185bba789,,Medium,,KEVIN ANDREY ANGEL ACEVEDO,712020:65526efc-d88c-48f5-8803-19c44f616933,JUAN MANUEL GARZON VIRACACHA,712020:84c2381e-0735-4ef1-8142-125bf6cf90b5,JUAN MANUEL GARZON VIRACACHA,712020:84c2381e-0735-4ef1-8142-125bf6cf90b5,24/sep/26 6:40 PM,25/sep/26 12:02 AM,,,,0,"Descripción: Después del cierre, mostrar mensaje de confirmación y botón ""Calificar"" que lleva a la pantalla de calificación (a completar en Sprint 3).
Done: la pantalla se ve con el mensaje y el botón. Captura.",,JUAN MANUEL GARZON VIRACACHA,,712020:84c2381e-0735-4ef1-8142-125bf6cf90b5,,,,,,,,,,,,,,,,,,,,,,,,,,,,,,,,,,,,,0|i000ti:,,,Sprint 2 - OllaCercana,,,,{},,Por hacer,24/sep/26 6:40 PM,10077,OC-47,HU-23: Confirmar Entrega y Cerrar Transaccion
Crear SwaggerConfig con @Bean OpenAPI,OC-165,10195,Subtask,Por hacer,OC,OllaCercana,software,DANIEL CAMILO MOSQUERA MARTINEZ,712020:e4492493-613d-4cf0-aa7f-038185bba789,,Medium,,JUAN MANUEL GARZON VIRACACHA,712020:84c2381e-0735-4ef1-8142-125bf6cf90b5,JUAN MANUEL GARZON VIRACACHA,712020:84c2381e-0735-4ef1-8142-125bf6cf90b5,JUAN MANUEL GARZON VIRACACHA,712020:84c2381e-0735-4ef1-8142-125bf6cf90b5,24/sep/26 7:59 PM,25/sep/26 10:33 AM,,,,0,"Crear {{config/SwaggerConfig.java}}. Definir un {{@Bean OpenAPI}} con título ""OllaCercana API"", versión 0.0.1 y descripción. Documentar en el README cómo acceder a la UI.",,JUAN MANUEL GARZON VIRACACHA,,712020:84c2381e-0735-4ef1-8142-125bf6cf90b5,,,,,,,,,,,,,,,,,,,,,,,,,,,,,,,,,,,,,0|i000tq:,,,Sprint 2 - OllaCercana,,,,{},,Por hacer,24/sep/26 7:59 PM,10076,OC-46,FEAT-10: Documentacion API (Swagger)
Verificar interfaces *Api.java en cada Controller,OC-166,10196,Subtask,Por hacer,OC,OllaCercana,software,DANIEL CAMILO MOSQUERA MARTINEZ,712020:e4492493-613d-4cf0-aa7f-038185bba789,,Medium,,JUAN MANUEL GARZON VIRACACHA,712020:84c2381e-0735-4ef1-8142-125bf6cf90b5,JUAN MANUEL GARZON VIRACACHA,712020:84c2381e-0735-4ef1-8142-125bf6cf90b5,JUAN MANUEL GARZON VIRACACHA,712020:84c2381e-0735-4ef1-8142-125bf6cf90b5,24/sep/26 7:59 PM,25/sep/26 10:33 AM,,,,0,"Confirmar que cada Controller del Sprint 2 implementa su interfaz {{controller/docs/*Api.java}}. Verificar que Swagger UI muestra los grupos, descripciones y códigos de error.",,JUAN MANUEL GARZON VIRACACHA,,712020:84c2381e-0735-4ef1-8142-125bf6cf90b5,,,,,,,,,,,,,,,,,,,,,,,,,,,,,,,,,,,,,0|i000ty:,,,Sprint 2 - OllaCercana,,,,{},,Por hacer,24/sep/26 7:59 PM,10076,OC-46,FEAT-10: Documentacion API (Swagger)
TASK-22 Actualizar Manual de identidad con cambios del Sprint 2,OC-167,10197,Tarea,Por hacer,OC,OllaCercana,software,DANIEL CAMILO MOSQUERA MARTINEZ,712020:e4492493-613d-4cf0-aa7f-038185bba789,,Medium,,SANTIAGO ANDRES GARCIA ALMARIO,712020:f9bcdea1-27db-40ca-b0a1-390105e50fcf,JUAN MANUEL GARZON VIRACACHA,712020:84c2381e-0735-4ef1-8142-125bf6cf90b5,JUAN MANUEL GARZON VIRACACHA,712020:84c2381e-0735-4ef1-8142-125bf6cf90b5,24/sep/26 11:08 PM,25/sep/26 12:03 AM,,,,0,"Actualizar el PDF del Manual de Identidad OllaCercana con los ajustes aprobados en el Sprint 2: (1) Logo en 3 versiones finales (isotipo, horizontal, monocromático) en alta resolución. (2) Paleta de colores con verificación de contraste WCAG 2.1 AA. (3) Escala tipográfica Inter actualizada con tamaños H1 a Caption. (4) Componentes de UI nuevos del Sprint 2: chips de filtros, tarjetas de plato con contador, modales de confirmación. (5) Estados de error, carga y vacío.

Criterios Done: 

# El PDF del manual está actualizado y disponible en el repo del frontend. 2. Las capturas de los componentes nuevos coinciden con los mockups finales. 3. Paleta y tipografía aplicadas en el código de React. Captura del PDF y del CSS aplicado",,JUAN MANUEL GARZON VIRACACHA,,712020:84c2381e-0735-4ef1-8142-125bf6cf90b5,,,,,,,,,,,,,,,,,,,,,,OC-4,,,,,,,,,,,,,,,0|i000u6:,,,Sprint 2 - OllaCercana,2.0,,,{},,Por hacer,24/sep/26 11:08 PM,10031,OC-1,EPIC-01: OllaCercana
